nr,bid,brewery,name,kind,link,abv,ibu,rating,nr_raters,adding_date,text,country,malt,hops,chocolate,german,banana,vanilla,caramel,yeast,fruit,whiskey,rhum,alcohol,gluten,barrel,rye,barley,cocoa,small/lower,big/upper,Altbier,Barleywine,Blonde,Duppel,Quadrupel,Tripel,Cider,Fruit,IPA,Kölsch,Lager,Non-Alcoholic,Pilsner,Porter,Wheat,Sour,Stout,Ale,Other
0,4061662,Dogma Brewery,ROLA-BOLA,IPA - Imperial / Double New England / Hazy,https://untappd.com/b/dogma-brewery-rola-bola/4061662,8.0,25,3.99,2707,11/20/20,"ROLA-BOLA is a guy from a Circus. And not any circus. He's the third one from The Hoppy Circus Carnival which came to our city. Collab with our brother Maskeron is bringing this Double NE IPA with full & silky body and a lots of tropicals in aroma and flavour. Balancing with pineapple, vanilla and coconut notes, this beer is a real circus!   ",serbia,0,0,0,0,0,1,0,0,0,0,0,0,0,0,0,0,0,0,0,0,0,0,0,0,0,0,0,1,0,0,0,0,0,0,0,0,0,0
1,4422659,Dogma Brewery,5th Anniversary Beer #5 - Triple NEIPA,IPA - Triple New England / Hazy,https://untappd.com/b/dogma-brewery-5th-anniversary-beer-5-triple-neipa/4422659,9.0,N/A,3.99,628,07/22/21,"5 BEERS FOR 5 YEARS! #5 in our 5th Anniversary Beer edition - all in at the end. One of the most popular NEIPA styles. Yes it's maybe hot for 9% and bunch of hops, but it's our birthday! ",serbia,0,1,0,0,0,0,0,0,0,0,0,0,0,0,0,0,0,0,0,0,0,0,0,0,0,0,0,1,0,0,0,0,0,0,0,0,0,0
2,5291872,3bir,Nitrox Triple Neipa,IPA - Triple New England / Hazy,https://untappd.com/b/3bir-nitrox-triple-neipa/5291872,8.7,60,3.96,242,03/27/23, ,serbia,0,0,0,0,0,0,0,0,0,0,0,0,0,0,0,0,0,0,0,0,0,0,0,0,0,0,0,1,0,0,0,0,0,0,0,0,0,0
3,5786009,Dogma Brewery,Fantastic Four,Sour - Smoothie / Pastry,https://untappd.com/b/dogma-brewery-fantastic-four/5786009,5.5,N/A,3.95,296,04/12/24,"Birthday celebration special for our friends from Beer Sheep. We don't brew smoothies & pastries and we will never do ordinarly, but for friends you need to create whatever they like. Long Live Beer Sheep, the best beer shop in Belgrade!  ",serbia,0,0,0,0,0,0,0,0,0,0,0,0,0,0,0,0,0,0,0,0,0,0,0,0,0,0,0,0,0,0,0,0,0,0,1,0,0,0
4,4566772,Docker Brewery,Brain Blocker,IPA - Imperial / Double New England / Hazy,https://untappd.com/b/docker-brewery-brain-blocker/4566772,8.0,N/A,3.94,1386,10/27/21,"Brain Blocker je potreba da ovo vreme ucinimo laksim. Pitkoca standardne NeIpe uz ne tako naivnih 8% alk. Double NeIpa duplo hmeljena Idaho, Eldorado, Citra i Mozaic hmeljevima. ",serbia,0,0,0,0,0,0,0,0,0,0,0,0,0,0,0,0,0,0,0,0,0,0,0,0,0,0,0,1,0,0,0,0,0,0,0,0,0,0
5,5654364,Dogma Brewery,The Worst Beer Geek Ever,IPA - New England / Hazy,https://untappd.com/b/dogma-brewery-the-worst-beer-geek-ever/5654364,6.5,30,3.94,422,12/22/23,He's Rangel. He's our Bulgarian brother and the main and only guy behind Dogma Brewery Bulgaria project. Recently he became a gypsy brewer thru his new project Bad Manners Gypsy Brewing Co. And all of that is cool. But he is still THE WORST BEER GEEK EVER. We brewed this super juicy IPA which was triple dry hopped. We've bringing you orange. Squeeze it & enjoy! ,serbia,0,0,0,0,0,0,0,0,0,0,0,0,0,0,0,0,0,0,0,0,0,0,0,0,0,0,0,1,0,0,0,0,0,0,0,0,0,0
6,4918534,Dogma Brewery,Serbian Barrels Series No. 1 - Imperial Stout,Stout - Imperial / Double,https://untappd.com/b/dogma-brewery-serbian-barrels-series-no-1-imperial-stout/4918534,11.5,20,3.93,681,07/05/22,"No. 1 in our, worldwide unique barrel aging series - SERBIAN BARRELS SERIES! We're using only Serbian barrels & here we have an Imperial Stout with cardamom & cocoa nibs, aged over a year in 26 (now 27!) old Serbian Vinjak (Cognac) barrels. Prepare the senses & enjoy!  ",serbia,0,0,0,0,0,0,0,0,0,0,0,0,0,1,0,0,1,0,0,0,0,0,0,0,0,0,0,0,0,0,0,0,0,0,0,1,0,0
7,1703270,Kabinet Brewery,02 Kolaboracija Caramel Stout,Stout - Imperial / Double,https://untappd.com/b/kabinet-brewery-02-kolaboracija-caramel-stout/1703270,10.0,N/A,3.93,1405,08/25/16,Caramel stout aged for 6 months in oak barrels of the famous Arkanj brandy (Calvados) made by the Kovilj Monastery. For three years in Top 50 stouts of the world. Best beer in Serbia by Ratebeer. ,serbia,0,0,0,0,0,0,0,0,0,0,0,0,0,1,0,0,0,0,0,0,0,0,0,0,0,0,0,0,0,0,0,0,0,0,0,1,0,0
8,5617963,Dogma Brewery,Bon Baisers De Belgrade,IPA - Imperial / Double New England / Hazy,https://untappd.com/b/dogma-brewery-bon-baisers-de-belgrade/5617963,7.4,30,3.93,589,11/24/23,We met our Zythologist friends in Bruge. After that they came to Belgrade and here we are - sending all the love and kisses from Belgrade! Thru this super juice DIPA boosted with Citra & Talus... Enjoy our friend! ,serbia,0,0,0,0,0,0,0,0,0,0,0,0,0,0,0,0,0,0,0,0,0,0,0,0,0,0,0,1,0,0,0,0,0,0,0,0,0,0
9,3917223,Dogma Brewery,Juice It Up!,IPA - Imperial / Double New England / Hazy,https://untappd.com/b/dogma-brewery-juice-it-up/3917223,8.0,45,3.92,4550,08/13/20,"Juice it up! Just juice it up! Give me more. Just give me more! This DDH DIPA got a flavour from CItra Incognito and aroma of El Dorado, Citra and Mosaic. It's juicy & and it bringht you more. Of everything!  ",serbia,0,0,0,0,0,0,0,0,0,0,0,0,0,0,0,0,0,0,0,0,0,0,0,0,0,0,0,1,0,0,0,0,0,0,0,0,0,0
10,3637232,Crow Brewery,Peacock #5,IPA - Imperial / Double New England / Hazy,https://untappd.com/b/crow-brewery-peacock-5/3637232,8.0,42,3.92,179,01/22/20,"Double NE IPA, sa Sabro cryo, Citra cryo i Mosaic hmeljevima u dry hopu.Ziveli!  ",serbia,0,0,0,0,0,0,0,0,0,0,0,0,0,0,0,0,0,0,0,0,0,0,0,0,0,0,0,1,0,0,0,0,0,0,0,0,0,0
11,4980992,Dogma Brewery,Westie of the Tulips,IPA - Imperial / Double New England / Hazy,https://untappd.com/b/dogma-brewery-westie-of-the-tulips/4980992,8.0,30,3.92,1655,08/17/22,Westie Of The Tulips came a long way from Netherlands for our first collaboration with Dutch breweries. This beer is potent & juicy. That's just enough to tell! ,serbia,0,0,0,0,0,0,0,0,0,0,0,0,0,0,0,0,0,0,0,0,0,0,0,0,0,0,0,1,0,0,0,0,0,0,0,0,0,0
12,4651818,3bir,Rigor Mortis,Stout - Russian Imperial,https://untappd.com/b/3bir-rigor-mortis/4651818,10.5,N/A,3.9,321,12/23/21,"Rigor Mortis, zver koja je je svoju apsolutnu ličnost oformila u periodu od 12 meseci u Merlot/Probus buradima. Struktura dominantnog karaktera dovela je do sveobuhvatne koegzistencije složenog pivskog ukusa i egzotičnog vinskog karaktera. ",serbia,0,0,0,0,0,0,0,0,0,0,0,0,0,0,0,0,0,0,0,0,0,0,0,0,0,0,0,0,0,0,0,0,0,0,0,1,0,0
13,4607959,3bir,Three Hoppy Sisters,IPA - Triple New England / Hazy,https://untappd.com/b/3bir-three-hoppy-sisters/4607959,8.7,N/A,3.9,825,11/24/21,"Strast prema kuvanju piva ne krijemo, a traganje za novim ukusima nas je često odvelo ne samo do novog pivskog recepta već i do sjajnih saradnji sa drugim pivarama. Tako se ideja o Three hoppy sisters pivu rodila. Simbolično, Three hoppy sisters predstavlja sponu između @twohoppysisters i Zbir pivare. Smela i do sad zapravo neviđena kod nas, ova Triple Neipa satkana je od obilja ječma, pšenice i hmelja. Kremasta, balansirane gorčine sa mrvicom kiselkastih nota, Three hoppy sisters biće vam definitivno dobro društvo nakon napornog dana i dnevnih obaveza. ",serbia,0,1,0,0,0,0,0,0,0,0,0,0,0,0,0,0,0,0,0,0,0,0,0,0,0,0,0,1,0,0,0,0,0,0,0,0,0,0
14,5305704,Dogma Brewery,Serbian Barrels Series #7 - Imperial Quince Sour,Sour - Fruited,https://untappd.com/b/dogma-brewery-serbian-barrels-series-7-imperial-quince-sour/5305704,9.5,5,3.9,214,04/07/23,Number 7 is here! An Imperial Quince Sour produced with mixed fermentation - imperial kettle sour on one & fermented quince wine on other. Those two mixed went to Serbian wine barrels and aged for six months.  ,serbia,0,0,0,0,0,0,0,0,0,0,0,0,0,1,0,0,0,0,0,0,0,0,0,0,0,0,1,0,0,0,0,0,0,0,0,0,0,0
15,3565363,Crow Brewery,Black Widow Kentucky Bourbon,Stout - Russian Imperial,https://untappd.com/b/crow-brewery-black-widow-kentucky-bourbon/3565363,12.5,60,3.9,150,12/06/19,Russian Imperial Stout aged 9 months in Kentucky Bourbon barrels. ,serbia,0,0,0,0,0,0,0,0,0,0,0,0,0,1,0,0,0,0,0,0,0,0,0,0,0,0,0,0,0,0,0,0,0,0,0,1,0,0
16,4701926,Dogma Brewery,Muma Paduri Mountain IPA,IPA - American,https://untappd.com/b/dogma-brewery-muma-paduri-mountain-ipa/4701926,7.2,60,3.9,1183,02/04/22,"Muma Paduri is a myth. She's Mother of Nature which protects woods in Eastern Serbia. And it's perfect to descirbe our collaboration brew with friends from Zmajska Pivovara - this new hybrid among IPA's. Super potent, somewhere between West & East Coast, but still American IPA in all atributes! ",serbia,0,0,0,0,0,0,0,0,0,0,0,0,0,0,0,0,0,0,0,0,0,0,0,0,0,0,0,1,0,0,0,0,0,0,0,0,0,0
17,4422551,Dogma Brewery,5th Anniversary Beer #4 - KVEIK NEIPA,IPA - New England / Hazy,https://untappd.com/b/dogma-brewery-5th-anniversary-beer-4-kveik-neipa/4422551,6.7,N/A,3.9,780,07/22/21,5 BEERS FOR 5 YEARS! #4 in our 5th Anniversary Beer edition - that nasty  KVEIK yeast is to blame for this juicy brew. There is also our friend Minja with his Dead Water Brewing Co. homebrew alias and his knowledge for this beer style. Cheers brother!  ,serbia,0,0,0,0,0,0,0,1,0,0,0,0,0,0,0,0,0,0,0,0,0,0,0,0,0,0,0,1,0,0,0,0,0,0,0,0,0,0
18,3790321,Dogma Brewery,HOPE,IPA - New England / Hazy,https://untappd.com/b/dogma-brewery-hope/3790321,6.4,35,3.89,5940,05/18/20,"Dictionary says that HOPE is a feeling of expectation and desire for a particular thing to happen. As the whole planet went to a lockdown, we decided to brew this juicy hazy IPA with loads of Sabro, El Dorado, Idaho 7 and Citra hops. And we decided with our partners from Ball Packaging to donate 100 dinars from every can and to help socially vulnerable groups in our country!  ",serbia,0,1,0,0,0,0,0,0,0,0,0,0,0,0,0,0,0,0,0,0,0,0,0,0,0,0,0,1,0,0,0,0,0,0,0,0,0,0
19,4196728,Dogma Brewery,MANGOA,IPA - Imperial / Double New England / Hazy,https://untappd.com/b/dogma-brewery-mangoa/4196728,8.0,50,3.89,1426,02/26/21,"Story about GOA island is well known all over the world. Story about MANGOA will be written by every sip of yours. Full & rich, well balanced and powerfull, this true milkshake in a beer world will make your day colorfull! Yes you'll start to fantasize about the island of GOA. Party can start with mango & milky tones fully supported by a touch of Sabro hops! ",serbia,0,1,0,0,0,0,0,0,0,0,0,0,0,0,0,0,0,0,0,0,0,0,0,0,0,0,0,1,0,0,0,0,0,0,0,0,0,0
20,3565359,Crow Brewery,Peacock #4,IPA - New England / Hazy,https://untappd.com/b/crow-brewery-peacock-4/3565359,6.6,40,3.88,162,12/06/19,"Grejp, mango, breskva - ova paleta ukusa, našeg IV nastavka Paun serijala, nikad nije bila izraženija - novim hmeljevima Simcoe cryo i Citra cryo, citrusni ukusi su podignuti na najviši nivo. ",serbia,0,0,0,0,0,0,0,0,0,0,0,0,0,0,0,0,0,0,0,0,0,0,0,0,0,0,0,1,0,0,0,0,0,0,0,0,0,0
21,2190355,Docker Brewery,Crasher,IPA - New England / Hazy,https://untappd.com/b/docker-brewery-crasher/2190355,5.5,69,3.88,1850,07/13/17,"Dupli Dry Hop(DDH) uz 4 vrste američkih hmeljeva i dodatak pšenice,spelta,ovsa i ječma u kombinaciji sa tečnim verdant kvascem donose aromatičnu mutnu i nefiltriranu NEIPU pravo na vaša nepca. ",serbia,0,0,0,0,0,0,0,0,0,0,0,0,0,0,0,0,0,0,0,0,0,0,0,0,0,0,0,1,0,0,0,0,0,0,0,0,0,0
22,3739485,Kabinet Brewery,Shake Those Melons,IPA - Milkshake,https://untappd.com/b/kabinet-brewery-shake-those-melons/3739485,7.6,N/A,3.88,166,04/03/20,"DDH Milkshake IPA with melon, a tropical bomb in your mouth. ",serbia,0,0,0,0,0,0,0,0,0,0,0,0,0,0,0,0,0,0,0,0,0,0,0,0,0,0,0,1,0,0,0,0,0,0,0,0,0,0
23,5334919,Dogma Brewery,High Grade,IPA - New England / Hazy,https://untappd.com/b/dogma-brewery-high-grade/5334919,7.0,35,3.88,763,04/28/23,"Friendship = Craft Brewing. Yes it is! This beer is a product of first ever brewing at the same time. Night in Belgrade &  morning in Sydney. Same recipe brewed in the same moment. Slovenian, New Zealand & Australian hops. I will just say that this beer is AMAZING! :D ",serbia,0,1,0,0,0,0,0,0,0,0,0,0,0,0,0,0,0,0,0,0,0,0,0,0,0,0,0,1,0,0,0,0,0,0,0,0,0,0
24,5911471,Dogma Brewery,8th AB - Lost In A Hop Field,IPA - Imperial / Double New England / Hazy,https://untappd.com/b/dogma-brewery-8th-ab-lost-in-a-hop-field/5911471,8.0,30,3.87,404,07/18/24,One of two brewery collabs for our 8th Anniversary. We've lost in a hop field with our brew brothers from Crow Brewery.  ,serbia,0,0,0,0,0,0,0,0,0,0,0,0,0,0,0,0,0,0,0,0,0,0,0,0,0,0,0,1,0,0,0,0,0,0,0,0,0,0
25,4467754,Dogma Brewery,HOP SHOWER,IPA - New England / Hazy,https://untappd.com/b/dogma-brewery-hop-shower/4467754,8.0,30,3.87,719,08/20/21,"Everybody likes good shower. Brewers like it like a hop shower! Super potent NEIPA with El Dorado, Simcoe, Citra & Columbus gives you orange punch on every sip. ",serbia,0,0,0,0,0,0,0,0,0,0,0,0,0,0,0,0,0,0,0,0,0,0,0,0,0,0,0,1,0,0,0,0,0,0,0,0,0,0
26,5803031,Dogma Brewery,1019,IPA - New England / Hazy,https://untappd.com/b/dogma-brewery-1019/5803031,6.5,30,3.87,733,04/26/24,1019 is a hop we fell in love with last year at CBC. It's just unique and cause of that we've bring it first to Serbian craft beer fans!  ,serbia,0,0,0,0,0,0,0,0,0,0,0,0,0,0,0,0,0,0,0,0,0,0,0,0,0,0,0,1,0,0,0,0,0,0,0,0,0,0
27,4797011,Dogma Brewery,Vinje Draku Pista Garda,IPA - New England / Hazy,https://untappd.com/b/dogma-brewery-vinje-draku-pista-garda/4797011,6.8,40,3.87,730,04/14/22,"Draku is a word for devil in Romanian. This sentence is unique one and Romanians dont have it as its specific for Vlachian minority in Eastern Serbia. It means ""Devil comes over the fence"". This beer is not so evil - its just a Kveik NEIPA brewed with our Romanian brothers from Bereta. Kveik Voss meets Citra, Bru-1 & a bit of Sabro! ",serbia,0,0,0,0,0,0,0,0,0,0,0,0,0,0,0,0,0,0,0,0,0,0,0,0,0,0,0,1,0,0,0,0,0,0,0,0,0,0
28,2215044,Docker Brewery,Ludilo,IPA - Milkshake,https://untappd.com/b/kors-ludilo/2215044,6.0,35,3.87,292,07/28/17,Milkshake IPA.Collaboration with Bottle Share (RU). ,serbia,0,0,0,0,0,0,0,0,0,0,0,0,0,0,0,0,0,0,0,0,0,0,0,0,0,0,0,1,0,0,0,0,0,0,0,0,0,0
29,5739583,Dogma Brewery,SARCASM,IPA - Imperial / Double New England / Hazy,https://untappd.com/b/dogma-brewery-sarcasm/5739583,7.5,40,3.87,291,03/07/24,"Brewers are pretty sarcastic when they're saying that they like to brew NEIPA! Becayse they're ""enjoying"" in all operations from malt milling thru lautering to heavy double dry hopping :D Because of this we called this juicy collaboration brew SARCASM! Enjoy while you drinking. Not like brewers! :D ",serbia,1,0,0,0,0,0,0,0,0,0,0,0,0,0,0,0,0,0,0,0,0,0,0,0,0,0,0,1,0,0,0,0,0,0,0,0,0,0
30,926032,Kabinet Brewery,Vista Mikkeller IPA#2,IPA - American,https://untappd.com/b/kabinet-brewery-vista-mikkeller-ipa-2/926032,7.5,54,3.87,1372,12/28/14,"Vista series dramatically continues, as the label story unfolds so does the new IPA style! Number two represents a powerful blend of fruit flavors,  beside its higher alcohol content. From today, let’s spice up the days, with this spectacular beer that will raise the pulse and atmosphere. ",serbia,0,0,0,0,0,0,0,0,1,0,0,1,0,0,0,0,0,0,0,0,0,0,0,0,0,0,0,1,0,0,0,0,0,0,0,0,0,0
31,5626482,Dogma Brewery,Coast To Coast,IPA - New England / Hazy,https://untappd.com/b/dogma-brewery-coast-to-coast/5626482,6.1,30,3.87,276,12/01/23,Collab with our friends from Nice. We are bringing you this Citra & Nelson Sauvin NEIPA from coast of Belgrade river Sava to coast Blue coast of France!  ,serbia,0,0,0,0,0,0,0,0,0,0,0,0,0,0,0,0,0,0,0,0,0,0,0,0,0,0,0,1,0,0,0,0,0,0,0,0,0,0
32,3803883,Dogma Brewery,All Together,IPA - New England / Hazy,https://untappd.com/b/dogma-brewery-all-together/3803883,6.5,30,3.87,566,05/29/20,"We're super proud to be part of All Together beer which came from our colleagues from Other Half! This NE IPA brings you smoothness & hop power of Mosaic, Citra, Comet and Enigma. We're in this ALL TOGETHER! #AllTogetherBeer ",serbia,0,0,0,0,0,0,0,0,0,0,0,0,0,0,0,0,0,0,0,0,0,0,0,0,0,0,0,1,0,0,0,0,0,0,0,0,0,0
33,4111230,3bir,Alpha Dog,IPA - Triple,https://untappd.com/b/3bir-alpha-dog/4111230,9.6,65,3.87,1070,12/22/20,"Alpha Dog -  A razor-sharp leader of the pack of wild dogs: Centennial, Citra, Galaxy, Mosaic, Sabro, Chinook, Columbus.Made out of six hops and a double dry hop for the impeccable strength, that only the brave can relate to. This Triple IPA is an adventure in a glass, that slides down like heavenly nectar and bangs like the hammer of God. No leash can hold it, and its tail wags for no one.  ",serbia,0,1,0,0,0,0,0,0,0,0,0,0,0,0,1,0,0,0,0,0,0,0,0,0,0,0,0,1,0,0,0,0,0,0,0,0,0,0
34,2453362,Zebrew,Pudding IPA,IPA - New England / Hazy,https://untappd.com/b/zebrew-pudding-ipa/2453362,6.0,45,3.86,370,12/30/17,New England IPA sa dodatkom pudinga od vanile i mlečnog šećera.  ,serbia,0,0,0,0,0,0,0,0,0,0,0,0,0,0,0,0,0,0,0,0,0,0,0,0,0,0,0,1,0,0,0,0,0,0,0,0,0,0
35,3336573,3bir,Citrozaik,IPA - American,https://untappd.com/b/3bir-citrozaik/3336573,6.5,40,3.86,721,07/18/19,"Prava žurka od piva se zakuvala u 3biru. Citrozaik je plod tropskih vibracija i letnje žege. Citra i Mozaik su dežurni krivci za fantastične arome, a blend 3 kvasca podiže igru na novi nivo. Recept iz budućnosti za pivo koje pravimo danas! ",serbia,0,0,0,0,0,0,0,0,0,0,0,0,0,0,0,0,0,0,0,0,0,0,0,0,0,0,0,1,0,0,0,0,0,0,0,0,0,0
36,5176306,Dogma Brewery,Serbian Barrels Series No.5 - Imperial Coffee Stout,Stout - Imperial / Double Coffee,https://untappd.com/b/dogma-brewery-serbian-barrels-series-no-5-imperial-coffee-stout/5176306,11.1,10,3.86,207,12/25/22,"Number 5 in our unique BA series where we're using ONLY Serbian barrels. This time, in 27 years old Serbian Vinjak (Cognac) barrel we've put Imperial Coffee Stout. One 500L barrel & that's it ladies & gents!  ",serbia,0,0,0,0,0,0,0,0,0,0,0,0,0,1,0,0,0,0,0,0,0,0,0,0,0,0,0,0,0,0,0,0,0,0,0,1,0,0
37,2962944,3bir,Shake,Stout - Milk / Sweet,https://untappd.com/b/3bir-shake/2962944,5.0,16,3.85,183,11/28/18,"Mlečna senzacija prefinjenih aroma koja će ti promućkati glavu! Stout, lagan i pitak, punog ukusa i bogate arome najfinije mlečne čokolade, karamele, jutarnjeg kapućina, sa slatkom jagodom u završnici. Prava poslastica! ",serbia,0,0,0,0,0,0,1,0,0,0,0,0,0,0,0,0,0,0,0,0,0,0,0,0,0,0,0,0,0,0,0,0,0,0,0,1,0,0
38,4948866,Docker Brewery,Hazy Alpaca,IPA - New England / Hazy,https://untappd.com/b/docker-brewery-hazy-alpaca/4948866,6.3,N/A,3.85,1420,07/26/22,"Our new NEIPA is double dry hoped widh Idaho 7, Eldorado, Citra and Mosaic hops in a combination with verdant yeast. ",serbia,0,1,0,0,0,0,0,1,0,0,0,0,0,0,0,0,0,0,0,0,0,0,0,0,0,0,0,1,0,0,0,0,0,0,0,0,0,0
39,2010000,Docker Brewery,Black Fire,Stout - Russian Imperial,https://untappd.com/b/docker-brewery-black-fire/2010000,10.0,49,3.85,517,03/24/17,"Skladno spremljena tinktura čokolade, kafe, suvih šljiva, porto vina sa čak 8 vrsta specijalnih sladova. Lekoviti balzam koji miluje dušu. Počastite se ovom poslasticom i spasite svet od kataklizme! ",serbia,1,0,0,0,0,0,0,0,0,0,0,0,0,0,0,0,0,0,0,0,0,0,0,0,0,0,0,0,0,0,0,0,0,0,0,1,0,0
40,1967010,Crow Brewery,Black Widow,Stout - Russian Imperial,https://untappd.com/b/crow-brewery-black-widow/1967010,9.1,60,3.84,279,02/25/17,"Black Widow is Russian Imperial Stout brewed with mix of pils, caramel malts, chocolate malt, and roast barley. ",serbia,1,0,1,0,0,0,1,0,0,0,0,0,0,0,0,1,0,0,0,0,0,0,0,0,0,0,0,0,0,0,0,0,0,0,0,1,0,0
41,2055934,Zebrew,Lollihop,IPA - New England / Hazy,https://untappd.com/b/zebrew-lollihop/2055934,6.8,60,3.84,1146,04/22/17,"Zaboravite na uzdržavanje od slatkiša, Zebrew Lollihop sa svojih 7% alkohola, ekstremnom mutnoćom i neverovatnom aromom bombona, citrusa i vanile, koje potiču od hmeljeva Citra i Simcoe, čini savršeni izbor za nadolazeće vrele dane. ",serbia,0,0,0,0,0,0,0,0,0,0,0,1,0,0,0,0,0,0,0,0,0,0,0,0,0,0,0,1,0,0,0,0,0,0,0,0,0,0
42,4422743,Dogma Brewery,5th Anniversary Beer #1 - Double Hoptopod,IPA - Imperial / Double,https://untappd.com/b/dogma-brewery-5th-anniversary-beer-1-double-hoptopod/4422743,8.0,75,3.84,534,07/22/21,"5 BEERS FOR 5 YEARS! #1 in our 5th Anniversary Beer edition - yes it's Double Hoptopod, an alcohol and hops upgrade of our bestseller! ",serbia,0,1,0,0,0,0,0,0,0,0,0,1,0,0,0,0,0,0,0,0,0,0,0,0,0,0,0,1,0,0,0,0,0,0,0,0,0,0
43,5053841,Dogma Brewery,Dogma In Da Streets / ENDO,IPA - New England / Hazy,https://untappd.com/b/dogma-brewery-dogma-in-da-streets-endo/5053841,7.5,45,3.84,419,10/05/22,"ENDO is the first Serbian street artist who came into this Dogma In Da Streets series which will bring you the best Serbian, regional & European street artists who will make ilustrations for our labels and will make our brewery walls a live! Every artist = one beer as his favourite style! ",serbia,0,0,0,0,0,0,0,0,0,0,0,0,0,0,0,0,0,0,0,0,0,0,0,0,0,0,0,1,0,0,0,0,0,0,0,0,0,0
44,911068,Kabinet Brewery,Mikkeller Vista Milk Stout,Stout - Milk / Sweet,https://untappd.com/b/kabinet-brewery-mikkeller-vista-milk-stout/911068,5.8,50,3.83,635,12/15/14,"Milk Stout, smooth, full mouth feel. Strong body with distinctive flavours of coffee, cocoa, vanilla and tropical notes in the back, a real treat for the connoisseurs. Not for lactose intolerant. ",serbia,0,0,0,0,0,1,0,0,0,0,0,0,0,0,0,0,1,0,0,0,0,0,0,0,0,0,0,0,0,0,0,0,0,0,0,1,0,0
45,6088670,Kabinet Brewery,Dip In the Dark,Stout - Imperial / Double Pastry,https://untappd.com/b/kabinet-brewery-dip-in-the-dark/6088670,9.8,30,3.83,211,12/09/24,"A 2024 version of our Imperial pastry milk stout with sour cherries, vanilla, cinnamon, plazma cookies and lactose.The idea was to mimic the taste of a cherry pie, but with a bit of a twist. ",serbia,0,0,0,0,0,1,0,0,0,0,0,0,0,0,0,0,0,0,0,0,0,0,0,0,0,0,0,0,0,0,0,0,0,0,0,1,0,0
46,3487267,3bir,Memento Mori,Stout - Imperial / Double Coffee,https://untappd.com/b/3bir-memento-mori/3487267,7.0,60,3.83,2148,10/18/19,"MEMENTO MORI - Powerful stout with intense taste and wide range of aromas of Arabica coffee, raw cocoa, and dark caramel. A strong body with a silky structure of moderate bitterness will disarm you in a combination with a sweet flammable finish. By the way, did we mention that there's also OUR comic book by the same name? Darkwave Baby! ",serbia,0,0,0,0,0,0,1,0,0,0,0,0,0,0,0,0,1,0,0,0,0,0,0,0,0,0,0,0,0,0,0,0,0,0,0,1,0,0
47,5056782,MEHANIKA,PROTOTYPE,IPA - New England / Hazy,https://untappd.com/b/mehanika-prototype/5056782,6.0,60,3.83,366,10/07/22,"PROTOTYPE is a strong beer.. with a strong body and a strong taste, of course and strong bitterness... a mixture of three yeasts, three types of malt and three types of hops will make you feel as if your mouth has been raped...enjoy ",serbia,1,1,0,0,0,0,0,1,0,0,0,0,0,0,0,0,0,0,0,0,0,0,0,0,0,0,0,1,0,0,0,0,0,0,0,0,0,0
48,4000616,Hog,Mjölnir,IPA - New England / Hazy,https://untappd.com/b/hog-mjolnir/4000616,6.4,50,3.83,1483,10/09/20,"Mjölnir je New England IPA, mutnija od Dunava, osvežavajuća i s kremom umesto pene.Lagano, a jako, ovo pivo je najmoćnije oružje u borbi protiv divova i unutrašnjih demona. Bez izuzetka pogađa metu i zatim se vraća u vaše ruke. Samo pružite čašu! SKÅL!  ",serbia,0,0,0,0,0,0,0,0,0,0,0,0,0,0,0,0,0,0,0,0,0,0,0,0,0,0,0,1,0,0,0,0,0,0,0,0,0,0
49,4786355,Dogma Brewery,Midnight Owl / Nitro Edition,Stout - Imperial / Double Coffee,https://untappd.com/b/dogma-brewery-midnight-owl-nitro-edition/4786355,9.0,30,3.82,487,04/07/22,"Yes, we like to drink this! As our Midnight owl. Super rich and roasty in aroma & flavour with creaminess from the nitro part. Be aware, as this coffee beer is ""lying"" you on every sip! And try it again.  ",serbia,0,0,0,0,0,0,0,0,0,0,0,0,0,0,0,0,0,0,0,0,0,0,0,0,0,0,0,0,0,0,0,0,0,0,0,1,0,0
0,5350387,Pulfer Brewery,Murder of Crows: Vanilla & Coffee,Stout - Imperial / Double Pastry,https://untappd.com/b/pulfer-brewery-murder-of-crows-vanilla-and-coffee/5350387,11.7,50,4.32,1066,05/08/23,"Collaboration with Brouwerij Bravoure from Netherland.Aged in Woodford Reserve & Wild Turkey bourbon barrels for over 10 months it's enriched with Guatemalan robusta coffee and Madagascar Vanilla.This blend is characterized by an immense thickness and complemented with flavors of toffee, sweet caramel, molasses, coffee, chocolate, vanilla, oak wood and figs. Aged it gracefully with love and patience. ",croatia,0,0,1,0,0,1,1,0,0,1,0,0,0,1,0,0,0,0,0,0,0,0,0,0,0,0,0,0,0,0,0,0,0,0,0,1,0,0
1,6190064,Pulfer Brewery,Hot Cakes #7,Sour - Smoothie / Pastry,https://untappd.com/b/pulfer-brewery-hot-cakes-7/6190064,5.5,5,4.26,1355,03/14/25,"Number 7 of our Hot Cakes series brings you famous Yugoslavian car - Yugo45, filled with enormous amounts of cheesecake, nicely combined with banana, pineapple, mango, lemon,  vanilla and cinnamon. Bombaaaaaastic!One of our favorite pastry series - liquid fruit cheesecake in a glass. Loaded with flavors and fricking fun!Contains real fruit. Don't age. Keep in a refrigerator. Drink fresh. For best experience, gently rotate the can few times.THIS IS WHY WE BREW! ",croatia,0,0,0,0,1,1,0,0,1,0,0,0,0,0,0,0,0,0,0,0,0,0,0,0,0,0,0,0,0,0,0,0,0,0,1,0,0,0
2,6195243,Pulfer Brewery,Hot Cakes #8,Sour - Smoothie / Pastry,https://untappd.com/b/pulfer-brewery-hot-cakes-8/6195243,5.5,5,4.24,1322,03/18/25,"Number 8 of our Hot Cakes series brings you once popular Yugoslavian car - Zastava 101, also called 'Stojadin', filled with immense amounts of cheesecake, combined with blueberry, sour cherry, cranberry, lemon and vanilla..Incredible!One of our favorite pastry series - liquid fruit cheesecake in a glass. Loaded with flavors and fricking fun!Contains real fruit. Don't age. Keep in a refrigerator. Drink fresh. For best experience, gently rotate the can few times.THIS IS WHY WE BREW! ",croatia,0,0,0,0,0,1,0,0,1,0,0,0,0,0,0,0,0,0,0,0,0,0,0,0,0,0,0,0,0,0,0,0,0,0,1,0,0,0
3,5901588,Pulfer Brewery,Hot Cakes #6,Sour - Smoothie / Pastry,https://untappd.com/b/pulfer-brewery-hot-cakes-6/5901588,5.5,5,4.24,1748,07/10/24,"Number 6 of our Hot Cakes series brings you the Citroen DS filled with incredibly large amounts of cheesecake, super nicely combined with sour cherry and raspberry, lemon and vanilla. Some kind of forrest fruit cake feelin'!One of our favorite pastry series - liquid fruit cheesecake in a glass. Loaded with flavors and fricking fun!Contains real fruit. Don't age. Keep in a refrigerator. Drink fresh. For best experience, gently rotate the can few times. ",croatia,0,0,0,0,0,1,0,0,1,0,0,0,0,0,0,0,0,0,0,0,0,0,0,0,0,0,0,0,0,0,0,0,0,0,1,0,0,0
4,6123695,Pulfer Brewery,White,Sour - Smoothie / Pastry,https://untappd.com/b/pulfer-brewery-white/6123695,5.5,5,4.24,1663,01/10/25,"We used bunch of banana pire and pineapples with lots of cocconut cream to make crazy tasty smoothie. Yup, real cocconut cream, thick and fluffy.Piña colada in the can! Contains real fruit. Don't age. Keep in a refrigerator. Drink fresh. For best experience, gently rotate the can few times. ",croatia,0,0,0,0,1,0,0,0,1,0,0,0,0,0,1,0,0,0,0,0,0,0,0,0,0,0,0,0,0,0,0,0,0,0,1,0,0,0
5,5729394,Pulfer Brewery,Hot Cakes #4,Sour - Smoothie / Pastry,https://untappd.com/b/pulfer-brewery-hot-cakes-4/5729394,5.5,5,4.24,1170,02/27/24,"Number 4 of our Hot Cakes series brings you the pinky Cadillac cabrio filled with incredibly large amounts of cheesecake, amazingly combined with banana, blueberry, blackberry, lemon, vanilla, and cinammon!One of our favorite pastry series - liquid fruit cheesecake in a glass. Loaded with flavors and fricking fun!Contains real fruit. Don't age. Keep in a refrigerator. Drink fresh. For best experience, gently rotate the can few times.THIS IS WHY WE BREW! ",croatia,0,0,0,0,1,1,0,0,1,0,0,0,0,0,0,0,0,0,0,0,0,0,0,0,0,0,0,0,0,0,0,0,0,0,1,0,0,0
6,5350383,Pulfer Brewery,Murder of Crows,Stout - Imperial / Double,https://untappd.com/b/pulfer-brewery-murder-of-crows/5350383,11.7,50,4.24,979,05/08/23,"Collaboration with Brouwerij Bravoure from Netherland.Aged in Woodford Reserve & Wild Turkey bourbon barrels for over 10 months, this blend is characterized by an immense thickness and complemented with flavors of toffee, sweet caramel, molasses, chocolate, vanilla, oak wood and figs.Aged it gracefully with love and patience. ",croatia,0,0,1,0,0,1,1,0,0,1,0,0,0,1,0,0,0,0,0,0,0,0,0,0,0,0,0,0,0,0,0,0,0,0,0,1,0,0
7,5590940,Pulfer Brewery,Smoothiesh: Where Do Pirates Buy Their Hooks?,Sour - Smoothie / Pastry,https://untappd.com/b/pulfer-brewery-smoothiesh-where-do-pirates-buy-their-hooks/5590940,5.5,5,4.23,1174,11/03/23,"A Parrot asked a question: Where do pirates buy their hooks?The answer to parrot's question you will find in next smoothiesh sour..Super loaded with passion fruit, pineapple, apricot and lemon zest, than twisted with coconut!Tropical fruit bomb for your mouthgasm! Contains real fruit. Don't age. Keep in a refrigerator. Drink fresh. For best experience, gently rotate the can few times.THIS IS WHY WE BREW! ",croatia,0,0,0,0,0,0,0,0,1,0,0,0,0,0,0,0,0,0,0,0,0,0,0,0,0,0,0,0,0,0,0,0,0,0,1,0,0,0
8,6614521,Pulfer Brewery,Hot Cakes #12,Sour - Smoothie / Pastry,https://untappd.com/b/pulfer-brewery-hot-cakes-12/6614521,6.0,6,4.23,859,02/26/26,"Number 12 of our Hot Cakes series brings you post-war-three-wheeler minicar Messerschmitt or Kabinenroller, filled with huge amounts of cheesecake, combined with apple, apricot, carrot, lemon, cinnamon and vanilla..Super tasty!One of our favorite pastry series - liquid fruit cheesecake in a glass. Loaded with flavors and fricking fun!Contains real fruit. Don't age. Keep in a refrigerator. Drink fresh. For best experience, gently rotate the can few times.THIS IS WHY WE BREW! ",croatia,0,0,0,0,0,1,0,0,1,0,0,0,0,0,0,0,0,0,0,0,0,0,0,0,0,0,0,0,0,0,0,0,0,0,1,0,0,0
9,6306972,Pulfer Brewery,Hot Cakes #9,Sour - Smoothie / Pastry,https://untappd.com/b/pulfer-brewery-hot-cakes-9/6306972,6.0,5,4.22,1603,06/17/25,"Number 9 of our Hot Cakes series brings you famous Ford GT40, filled with immense amounts of cheesecake, combined with apple, banana, apricot, lemon, coconut and vanilla..Incredible!One of our favorite pastry series - liquid fruit cheesecake in a glass. Loaded with flavors and fricking fun!Contains real fruit. Don't age. Keep in a refrigerator. Drink fresh. For best experience, gently rotate the can few times.THIS IS WHY WE BREW! ",croatia,0,0,0,0,1,1,0,0,1,0,0,0,0,0,0,0,0,0,0,0,0,0,0,0,0,0,0,0,0,0,0,0,0,0,1,0,0,0
10,5901587,Pulfer Brewery,Hot Cakes #5,Sour - Smoothie / Pastry,https://untappd.com/b/pulfer-brewery-hot-cakes-5/5901587,5.5,5,4.2,1888,07/10/24,"Number 5 of our Hot Cakes series brings you the legendary Citroen 2CV filled with incredibly large amounts of cheesecake, amazingly combined with apples, apricot, peach, lemon, vanilla, and cinammon!One of our favorite pastry series - liquid fruit cheesecake in a glass. Loaded with flavors and fricking fun!Contains real fruit. Don't age. Keep in a refrigerator. Drink fresh. For best experience, gently rotate the can few times. ",croatia,0,0,0,0,0,1,0,0,1,0,0,0,0,0,0,0,0,0,0,0,0,0,0,0,0,0,0,0,0,0,0,0,0,0,1,0,0,0
11,6123696,Pulfer Brewery,Black,Sour - Smoothie / Pastry,https://untappd.com/b/pulfer-brewery-black/6123696,5.5,5,4.2,1715,01/10/25,"Loaded with black fruits! Black currant, blackberry, black carrot, black cherry and black sour cheery... And than we added squid ink to make it more black!Contains real fruit. Don't age. Keep in a refrigerator. Drink fresh. For best experience, gently rotate the can few times. ",croatia,0,0,0,0,0,0,0,0,1,0,0,0,0,0,0,0,0,0,0,0,0,0,0,0,0,0,0,0,0,0,0,0,0,0,1,0,0,0
12,6007227,Pulfer Brewery,Smoothiesh: What's A Vampire Bat's Favorite Type of Fruit?,Sour - Smoothie / Pastry,https://untappd.com/b/pulfer-brewery-smoothiesh-what-s-a-vampire-bat-s-favorite-type-of-fruit/6007227,5.5,5,4.2,1173,10/04/24,"//////////// SMOOTHIESH: WHAT'S VAMPIRE BAT'S FAVORITE TYPE OF FRUIT? /////////////Pastry smoothie sour, 5.5% alc.Super loaded with strawberry, pineapple, mango and pink guava, enchanted with frog magic and touch of vanilla, is is real smoothie treat. Gorgeously delicious ???Yummmmmmmy ? ",croatia,0,0,0,0,0,1,0,0,1,0,0,0,0,0,0,0,0,0,0,0,0,0,0,0,0,0,0,0,0,0,0,0,0,0,1,0,0,0
13,6506672,Pulfer Brewery,Smoothiesh: Just-Ice !,Sour - Smoothie / Pastry,https://untappd.com/b/pulfer-brewery-smoothiesh-just-ice/6506672,5.5,1,4.19,928,11/26/25,"The answer to Batman Koala's question is here!'What did you bring to the Party?'JUST-ICE!Super loaded with blueberry, sour cherries, blackberry and red curant, it's violet fruit bomb! Yummy!Contains real fruit. Don't age. Keep in a refrigerator. Drink fresh. For best experience, gently rotate the can few times before you open it.THIS IS WHY WE BREW!  ",croatia,0,0,0,0,0,0,0,0,1,0,0,0,0,0,0,0,0,0,0,0,0,0,0,0,0,0,0,0,0,0,0,0,0,0,1,0,0,0
14,4746558,Pulfer Brewery,Smoothiesh: What Day Do Chickens Hate the Most?,Sour - Smoothie / Pastry,https://untappd.com/b/pulfer-brewery-smoothiesh-what-day-do-chicken-hate-the-most/4746558,5.5,5,4.19,1281,03/10/22,"Sweet bearded with impeccable lumberjack style Hipster Rhino on Vepspa asked a question: What day do chickens hate the most? Again, dad's joke is here, and you can find answer in new smoothiesh sour. This time we added sweet cherry, peach and twisted with chocolate! Super tasty combo, like a sweet and sour dessert in a can. Fruits with chocolate, true amazing stuff.Contains real fruit. Don't age. Keep in a refrigerator. Drink fresh. For best experience, gently rotate the can few times before you open it. #This is why we brew! ",croatia,0,0,1,0,0,0,0,0,1,0,0,0,0,0,0,0,0,0,0,0,0,0,0,0,0,0,0,0,0,0,0,0,0,0,1,0,0,0
15,5334739,Pulfer Brewery,Smoothiesh: How do You Call A Fat Alien?,Sour - Smoothie / Pastry,https://untappd.com/b/pulfer-brewery-smoothiesh-how-do-you-call-a-fat-alien/5334739,5.5,5,4.18,983,04/28/23,"Another dad joke is here!A pug named Pedro is a dog astronaut who's in love with beautiful female dog, known as Lu. Also, he's a great joke teller...He asked: ""How do you call a fat Alien?"" and  you will find out the answer to his question in our new smoothie sour release.Loaded with pineapple, mango, peach and coconuts, this is a tropical tasty bomb.Like a Pina colada, sweet, sour and delicious.Contains real fruit. Don't age. Keep in a refrigerator. Drink fresh. For best experience, gently rotate the can few times.THIS IS WHY WE BREW! ",croatia,0,0,0,0,0,0,0,0,1,0,0,0,0,0,0,0,0,0,0,0,0,0,0,0,0,0,0,0,0,0,0,0,0,0,1,0,0,0
16,5246589,Pulfer Brewery,Smoothiesh: Ten-tacos!,Sour - Smoothie / Pastry,https://untappd.com/b/pulfer-brewery-smoothiesh-ten-tacos/5246589,5.5,5,4.17,880,02/22/23,"What is an octopus's favourite food? TEN-TACOS!The answer to pelican's question is here and it's delicious!Super fruity smoothie-like sour, loaded with bluebeeries and banana. Very creamy, just like blueberry yougurt or icecream. Sweet and sour, like blueberry jam, tasty as fuck, we love it! Contains real fruit. Don't age. Keep in a refrigerator. Drink fresh. For best experience, gently rotate the can few times.THIS IS WHY WE BREW! ",croatia,0,0,0,0,1,0,0,0,1,0,0,0,0,0,0,0,0,0,0,0,0,0,0,0,0,0,0,0,0,0,0,0,0,0,1,0,0,0
17,6071560,Pulfer Brewery,"Handy Candy: Banana, Cherry And Sour Cherry",Sour - Smoothie / Pastry,https://untappd.com/b/pulfer-brewery-handy-candy-banana-cherry-and-sour-cherry/6071560,5.0,5,4.17,1133,11/25/24,"Oh yeaaah, Handy Candy is back!We have continued with smoothies pastry sour series that emphasis on sweetness and the feeling of chewing candy. Sweeeeet-sour combo!Banana, sweet cherris and sour cherries makes delicious purple-ish fruit combination! Contains unfermented fruit. Drink fresh. Don't age.Gently rotate a can few times before you open it for best experience.THIS IS WHY WE BREW! ",croatia,0,0,0,0,0,0,0,0,1,0,0,0,0,0,0,0,0,0,0,0,0,0,0,0,0,0,0,0,0,0,0,0,0,0,1,0,0,0
18,5801733,Pulfer Brewery,Smoothiesh: Wasabee!,Sour - Smoothie / Pastry,https://untappd.com/b/pulfer-brewery-smoothiesh-wasabee/5801733,5.0,5,4.16,1297,04/25/24,"And the answer to cat's question is here!What did the sushi say to the bee?Wasabee!Absurdly loaded with mango, oranges and apricots, than spiced with vanilla, this is delicious fruit monster!Contains real fruit. Don't age. Keep in a refrigerator. Drink fresh. For best experience, gently rotate the can few times.THIS IS WHY WE BREW! ",croatia,0,0,0,0,0,1,0,0,1,0,0,0,0,0,0,0,0,0,0,0,0,0,0,0,0,0,0,0,0,0,0,0,0,0,1,0,0,0
19,5402092,Pulfer Brewery,Smoothiesh: 1Forrest1,Sour - Smoothie / Pastry,https://untappd.com/b/pulfer-brewery-smoothiesh-1forrest1/5402092,5.5,5,4.16,979,06/15/23,"Yet, the answer to aligator Dan's question is here!What's Forrest Gump's password? - 1Forrest1!Mega loaded with pineapples and blueberries, then twisted with chocolate to create mega thick monster smoothie sour, yummmmmy Like a real chocolate praline with fruits. Deep purple color with sweet and sour taste. Contains real fruit. Don't age. Keep in a refrigerator. Drink fresh. For best experience, gently rotate the can few times before you open it.THIS IS WHY WE BREW! ",croatia,0,0,1,0,0,0,0,0,1,0,0,0,0,0,0,0,0,0,0,0,0,0,0,0,0,0,0,0,0,0,0,0,0,0,1,0,0,0
20,5801730,Pulfer Brewery,Smoothiesh: What Did the Sushi Say To the Bee?,Sour - Smoothie / Pastry,https://untappd.com/b/pulfer-brewery-smoothiesh-what-did-the-sushi-say-to-the-bee/5801730,5.0,5,4.15,1205,04/25/24,"Another hilarious joke means only one thing - the next two smoothie sours have been released!A gracious cat asked a question: What did the sushi say to the bee?An answer to this question you will find in another smoothiesh...Turbo mega loaded with banana and strawberry and spiced with coconut, this is thick and powerful smoothie. Your meal and drink in one!Contains real fruit. Don't age. Keep in a refrigerator. Drink fresh. For best experience, gently rotate the can few times.THIS IS WHY WE BREW! ",croatia,0,0,0,0,1,0,0,0,1,0,0,0,0,0,0,0,0,0,0,0,0,0,0,0,0,0,0,0,0,0,0,0,0,0,1,0,0,0
21,5345156,Pulfer Brewery,Smoothiesh: An Extra-cholesterol!,Sour - Smoothie / Pastry,https://untappd.com/b/pulfer-brewery-smoothiesh-an-extra-cholesterol/5345156,5.5,5,4.15,1124,05/05/23,"The answer to astronaut Pedro's question is here... ""An extra-cholesterol!""We loaded this smoothie sour with banana, strawberry and lemon and twisted with vanilla. We wanted to achieve vanilla ice cream feeling with bursting fruity taste!Contains real fruit. Don't age. Keep in a refrigerator. Drink fresh. For best experience, gently rotate the can few times.THIS IS WHY WE BREW! ",croatia,0,0,0,0,1,1,0,0,1,0,0,0,0,0,0,0,0,0,0,0,0,0,0,0,0,0,0,0,0,0,0,0,0,0,1,0,0,0
22,6067341,Pulfer Brewery,Smasñata,Sour - Smoothie / Pastry,https://untappd.com/b/pulfer-brewery-smasnata/6067341,5.0,5,4.14,1084,11/22/24,"A new fruity bomb in form of smoothie sour is here!You will feel crazy amounts of mango, apricot, orange and apple with pinch of vanilla. Just like piñata, you will smash this smoothie sour like kids candies! Smash, smash, smash! Like a smasñata!Contains real fruit. Don't age. Keep in a refrigerator. Drink fresh. For best experience, gently rotate a can few times before you open it.THIS IS WHY WE BREW! ",croatia,0,0,0,0,0,1,0,0,1,0,0,0,0,0,1,0,0,0,0,0,0,0,0,0,0,0,0,0,0,0,0,0,0,0,1,0,0,0
23,5171733,Pulfer Brewery,Hound Cake: Lemon Pie,Sour - Smoothie / Pastry,https://untappd.com/b/pulfer-brewery-hound-cake-lemon-pie/5171733,6.0,8,4.14,950,12/22/22,"Collaboration with White Dog brewery!In our new fruited pastry sour series 'Hound Cake' we  combined a new crazy pastry stuff - cheesecake.We wanted to create real cake and pie feeling in this smoothie sour.Mega thick smoothie sour with banana, mango, pineapple, vanilla and lemon. Absolute tasty monster!Take a sip, enjoy and thank us later.GENTLY ROTATE A CAN FEW TIME BEFORE OPEN FOR BEST EXPERIENCE.Contains real fruit. Drink fresh. Don't age. Keep in refigerator.This is why we brew! ",croatia,0,0,0,0,1,1,0,0,1,0,0,0,0,0,1,0,0,0,0,0,0,0,0,0,0,0,0,0,0,0,0,0,0,0,1,0,0,0
24,5239699,Pulfer Brewery,Smoothiesh: What Is An Octopus's Favourite Food?,Sour - Smoothie / Pastry,https://untappd.com/b/pulfer-brewery-smoothiesh-what-is-an-octopus-s-favourite-food/5239699,5.5,5,4.14,994,02/17/23,"'Pelicans are among the largest flying birds. They are famous for their huge throat pouches. A pelican uses its pouch and its very long bill to scoop up fish. Pelicans do not have teeth, but they have a hook at the beak's tip and their edges are sharp and could give you a small “paper” cut. An adult pelican may eat up to 1,8 kilograms of fish per day!'Fun facts that have absolutely nothing to do with our beer, but are really cool - especially when one of those jokers is the mascot of our 'What is an octopus's favorite food? smoothie sour.Ultra mega loaded with sour and sweet cheeries and twisted with chocolate. You can get a black forrest or Schwarzwald cake feeling! Yammmy!Contains real fruit. Don't age. Keep in a refrigerator. Drink fresh. For best experience, gently rotate the can few times.THIS IS WHY WE BREW! ",croatia,0,0,1,0,0,0,0,0,1,0,0,0,0,0,0,0,0,0,0,0,0,0,0,0,0,0,0,0,0,0,0,0,0,0,1,0,0,0
25,6007229,Pulfer Brewery,Smoothiesh: A Neck-tarine!,Sour - Smoothie / Pastry,https://untappd.com/b/pulfer-brewery-smoothiesh-a-neck-tarine/6007229,5.5,5,4.14,1086,10/04/24,"/////////// SMOOTHIESH: NECK-TARINE! ////////////Pastry smoothie sour, 5.5% alc.Ultra loaded with raspberry, sour cherry, sweet cherry and bluerberry, and chocolat, ridiculously flavourful! Incrediberry tasty 'legencherry' combo! ",croatia,0,0,0,0,0,0,0,0,1,0,0,0,0,0,0,0,0,0,0,0,0,0,0,0,0,0,0,0,0,0,0,0,0,0,1,0,0,0
26,5977184,Pulfer Brewery,Buccaneer,Stout - Imperial / Double Pastry,https://untappd.com/b/pulfer-brewery-buccaneer/5977184,10.2,50,4.14,456,09/08/24,"Rich, deep, massive and luxurious imperial stout aged for 12 months in a bourbon barrel in which, after bourbon, rum from Martinique was also aged, finished on vanilla beans and coconut. Bet real buccaneers would enjoy that beauty ",croatia,0,0,0,0,0,1,0,0,0,1,1,0,0,1,0,0,0,0,0,0,0,0,0,0,0,0,0,0,0,0,0,0,0,0,0,1,0,0
27,5526130,Pulfer Brewery,Hot Cakes #2,Sour - Smoothie / Pastry,https://untappd.com/b/pulfer-brewery-hot-cakes-2/5526130,5.4,5,4.13,1168,09/15/23,"We got a new smoothie sour series! This time we want to implement famous cake recipes with cheesecake essence in a form of a smoothie sour. Crazy stuff indeed!Hot Cakes #2 is mega loaded with blueberry, raspberry, banana and lemon, and twisted with vanilla... Just like a forrest fruit cheesecake!Contains real fruit. Don't age. Keep in a refrigerator. Drink fresh. For best experience, gently rotate the can few times.THIS IS WHY WE BREW!  ",croatia,0,0,0,0,1,1,0,0,1,0,0,0,0,0,1,0,0,0,0,0,0,0,0,0,0,0,0,0,0,0,0,0,0,0,1,0,0,0
28,6614511,Pulfer Brewery,Hot Cakes #11,Sour - Smoothie / Pastry,https://untappd.com/b/pulfer-brewery-hot-cakes-11/6614511,6.0,6,4.13,798,02/26/26,"Number 11 of our Hot Cakes series brings you three-wheeler ""Trotters' Independent Trading Co"" van, filled with enormous amounts of cheesecake, combined with banana, sour cherry, lemon, coconut and vanilla..Baaaaaaaaaam!One of our favorite pastry series - liquid fruit cheesecake in a glass. Loaded with flavors and fricking fun!Contains real fruit. Don't age. Keep in a refrigerator. Drink fresh. For best experience, gently rotate the can few times.THIS IS WHY WE BREW! ",croatia,0,0,0,0,1,1,0,0,1,0,0,0,0,0,0,0,0,0,0,0,0,0,0,0,0,0,0,0,0,0,0,0,0,0,1,0,0,0
29,6506669,Pulfer Brewery,Smoothiesh: What Did You Bring To the Party?,Sour - Smoothie / Pastry,https://untappd.com/b/pulfer-brewery-smoothiesh-what-did-you-bring-to-the-party/6506669,5.5,1,4.13,931,11/26/25,"Another 'Smoothiesh' release means another great dad's joke!A Superman Koala asked Batman platypus : ""What did you bring to the Party?""The next 'smoothiesh' will have answer to this question...Mega loaded with banana, pineapple, pink guava, orange and vanilla, it super tasty deliciousness! Contains real fruit. Don't age. Keep in a refrigerator. Drink fresh. For best experience, gently rotate the can few times before you open it.THIS IS WHY WE BREW!  ",croatia,0,0,0,0,1,1,0,0,1,0,0,0,0,0,0,0,0,0,0,0,0,0,0,0,0,0,0,0,0,0,0,0,0,0,1,0,0,0
30,6306975,Pulfer Brewery,Hot Cakes #10,Sour - Smoothie / Pastry,https://untappd.com/b/pulfer-brewery-hot-cakes-10/6306975,6.0,5,4.12,1480,06/17/25,"Number 10 of our Hot Cakes series brings you notorious Ferrari 330 P3, filled with enormous amounts of cheesecake, combined with strawberry, pineapple, blackberry, lemon, cinnamon and vanilla..Yummmy!One of our favorite pastry series - liquid fruit cheesecake in a glass. Loaded with flavors and fricking fun!Contains real fruit. Don't age. Keep in a refrigerator. Drink fresh. For best experience, gently rotate the can few times.THIS IS WHY WE BREW! ",croatia,0,0,0,0,0,1,0,0,1,0,0,0,0,0,0,0,0,0,0,0,0,0,0,0,0,0,0,0,0,0,0,0,0,0,1,0,0,0
31,6375155,Pulfer Brewery,Master Blaster,Sour - Smoothie / Pastry,https://untappd.com/b/pulfer-brewery-master-blaster/6375155,5.5,2,4.12,1229,08/13/25,"Our sour base got the big treatment - huge amounts of fresh mango, delicious passion fruit, beautiful apricots and soft coconut cream, complemented by sweet purple potatoes - ube.You'll drink purple, sweet-and-sour sin. And you won't be sorry. Turn up the volume, and enjoy.Contains real fruit. Don't age. Keep in a refrigerator. Drink fresh. For best experience, gently rotate the can few times.THIS IS WHY WE BREW! ",croatia,0,0,0,0,0,0,0,0,1,0,0,0,0,0,0,0,0,0,0,0,0,0,0,0,0,0,0,0,0,0,0,0,0,0,1,0,0,0
32,5729353,Pulfer Brewery,Hot Cakes #3,Sour - Smoothie / Pastry,https://untappd.com/b/pulfer-brewery-hot-cakes-3/5729353,5.5,5,4.11,1123,02/27/24,"Number 3 of our Hot Cakes series brings you the legendary Volkswagen Beetle filled with incredibly large amounts of cheesecake, brilliantly combined with mango, passion fruit, apricot, lemon and vanilla.One of our favorite pastry series - liquid fruit cheesecake in a glass. Loaded with flavors and fricking fun!Contains real fruit. Don't age. Keep in a refrigerator. Drink fresh. For best experience, gently rotate the can few times.THIS IS WHY WE BREW!  ",croatia,0,0,0,0,0,1,0,0,1,0,0,0,0,0,0,0,0,0,0,0,0,0,0,0,0,0,0,0,0,0,0,0,0,0,1,0,0,0
33,5526128,Pulfer Brewery,Hot Cakes #1,Sour - Smoothie / Pastry,https://untappd.com/b/pulfer-brewery-hot-cakes-1/5526128,5.4,5,4.11,935,09/15/23,"We got a new smoothie sour series! This time we want to implement famous cake recipes with cheesecake essence in a form of a smoothie sour. Crazy stuff indeed!Hot Cakes #1 is super loaded with mango, carrots, apricot, orange, and lemon and twisted with cinnamon and vanilla.  Just like a real carrot cake.. and yes, with lot of cheesecake!Contains real fruit. Don't age. Keep in a refrigerator. Drink fresh. For best experience, gently rotate the can few times.THIS IS WHY WE BREW! ",croatia,0,0,0,0,0,1,0,0,1,0,0,0,0,0,1,0,0,0,0,0,0,0,0,0,0,0,0,0,0,0,0,0,0,0,1,0,0,0
34,5541179,Pulfer Brewery,Blackheart Queen,Stout - Imperial / Double Pastry,https://untappd.com/b/pulfer-brewery-blackheart-queen/5541179,10.2,40,4.1,739,09/26/23,"After the King, here is the Queen!Our BLACKHEART QUEEN is a big imperial pastry stout dipped with chocolate brownie!Extra thick with huge body, yet smooth and tender. Real chocolate brownie in a glass. Enjoy!This Is Why We Brew! ",croatia,0,0,1,0,0,0,0,0,0,0,0,0,0,0,0,0,0,0,0,0,0,0,0,0,0,0,0,0,0,0,0,0,0,0,0,1,0,0
35,4545330,The Garden Brewery,Double Imperial Chocolate Cheesecake Stout,Stout - Imperial / Double Pastry,https://untappd.com/b/the-garden-brewery-double-imperial-chocolate-cheesecake-stout/4545330,12.0,30,4.09,2424,10/12/21,"Lervig (Stavanger, Norway) Collab: 12%We love making BIG Imperial Stouts and we love Lervig's too so we came together for one of our five celebratory 5th birthday collabs: Imperial + Imperial = Double Imperial Stout. The first in our new series of Double Imperial Stouts this 12% monster is packed with Cacoa, Cocoa, Vanilla Pods and yes cheesecake mix. It's strong, sweet and indulgent with 8 different malts plus loads of Oats for that great rounded mouthfeel. ",croatia,1,0,0,0,0,0,0,0,0,0,0,0,0,0,0,0,0,0,0,0,0,0,0,0,0,0,0,0,0,0,0,0,0,0,0,1,0,0
36,6573937,Pulfer Brewery,Lusca,Stout - Imperial / Double,https://untappd.com/b/pulfer-brewery-lusca/6573937,11.8,35,4.09,315,01/19/26,"Dark, smooth, oily, massive, full-bodied imperial stout aged 13 months in Irish Whiskey Barrel.The dark depths of the ASW Fiddler Irish Whiskey cask captivated us and layered a subtle malt sweetness, hints of vanilla and a light oak aroma, balanced with notes of caramel, toffee and a delicate spicy character reminiscent of classic Irish whiskey, while retaining the depth of bourbon. Let the cask speak for itself.Lusca is sea monster from Carribean, half shark, half giant octopus with sharped teeth and deadly tentacles.Hand-waxed, brewed with passion and patience, this is liquid dessert in a glass.This is why we brew! ",croatia,1,0,0,0,0,1,1,0,0,1,0,0,0,0,0,0,0,0,0,0,0,0,0,0,0,0,0,0,0,0,0,0,0,0,0,1,0,0
37,4411162,Pulfer Brewery,Smoothiesh: …I'm Bacon,Sour - Smoothie / Pastry,https://untappd.com/b/pulfer-brewery-smoothiesh-i-m-bacon/4411162,5.0,8,4.09,468,07/15/21,"What did the pig say on the warm summer's day? - I'm bacon!You didn't have to wait long for an answer from a giraffe's question. The Pig has spoken. The Pig knows things. The Pig has sense of humor. The Pig knows the answer. The Pig loves ballet. The Pig is magical. Be like Pig. Eat your smoothie. Ultra super loaded with passion fruit, apricots and pineapple, this is true soursweet healthy bomb!Be like Pig. Eat you smoothie. This is why we brew! ",croatia,0,0,0,0,0,0,0,0,1,0,0,0,0,0,0,0,0,0,0,0,0,0,0,0,0,0,0,0,0,0,0,0,0,0,1,0,0,0
38,6673839,Pulfer Brewery,Goddess Freya,Stout - Imperial / Double Milk,https://untappd.com/b/pulfer-brewery-goddess-freya/6673839,9.0,45,4.09,474,04/16/26,"We are massively pleased to announce the long-awaited release of a collab beer with one of the pioneers of European modern craft brewing - the great Lervig.Together we brewed Imperial stout, what would later become 'Goddess Freya' - a smoothie cream stout, packed with milk cream, coffee from craft roastery 'Kavantura' and salted caramel. Absolutely delicious cream stout, like coffee liqueur,  with touch of salt! ",croatia,0,0,0,0,0,0,1,0,0,0,0,0,0,0,0,0,0,0,0,0,0,0,0,0,0,0,0,0,0,0,0,0,0,0,0,1,0,0
39,5895497,Pulfer Brewery,Little Green Man,Sour - Fruited,https://untappd.com/b/pulfer-brewery-little-green-man/5895497,5.0,5,4.08,1518,07/05/24,"Damn it's green!Yup, we made fruited sour, almost like smoothie. And it's green.Heavily fruited with passion fruit, pineapple, mango and papaya, conditioned on coconut and than twisted with blue spirulina. This crazy blue algae combined with our yellow mixture of fruits gave this sour green cool looking color with some good health benefits.Tasty tropical bomb!Contains real fruit. Don't age. Keep in a refrigerator. Drink fresh. For best experience, gently rotate the can few times.This is why we brew! ",croatia,0,0,0,0,0,0,0,0,1,0,0,0,0,0,1,0,0,0,0,0,0,0,0,0,0,0,1,0,0,0,0,0,0,0,0,0,0,0
40,5093016,The Garden Brewery,"Double Imperial Chocolate, Fruit & Nut Stout",Stout - Imperial / Double,https://untappd.com/b/the-garden-brewery-double-imperial-chocolate-fruit-and-nut-stout/5093016,12.0,22,4.08,1698,10/28/22,"SIXTH BIRTHDAY COLLAB BREWDeep, smooth and indulgent with Cacao Nibs, Raisins, Hazelnuts & AlmondsRested on Rum barrel wood chips & Vanilla pods ",croatia,0,0,0,0,0,0,0,0,0,0,0,0,0,1,0,0,0,0,0,0,0,0,0,0,0,0,0,0,0,0,0,0,0,0,0,1,0,0
41,5400094,Pulfer Brewery,Smoothiesh: What's Forrest Gump's Password?,Sour - Smoothie / Pastry,https://untappd.com/b/pulfer-brewery-smoothiesh-what-s-forrest-gump-s-password/5400094,5.5,5,4.07,968,06/13/23,"It is time for another smoothie sour, another dad's joke, just before summer time..An aligator Dan asked a question: 'What's Forrest Gump password?'The answer to this question you will find in next smoothie sour label, coming out in couple of days...We combined tradional apple pie flavours with belgian and Dutch touch ?Imagine apple pie and speculaas coockies.. Now open eyes and have a sip of this tasty smoothie sour. Yummmy!Super loaded with apples, pear and peach, hint od lemons and twisted with cinammon. Contains real fruit. Don't age. Keep in a refrigerator. Drink fresh. For best experience, gently rotate the can few times.THIS IS WHY WE BREW! ",croatia,0,0,0,0,0,0,0,0,1,0,0,0,0,0,0,0,0,0,0,0,0,0,0,0,0,0,0,0,0,0,0,0,0,0,1,0,0,0
42,5148714,Pulfer Brewery,Fiddler's Black,Stout - Imperial / Double Pastry,https://untappd.com/b/pulfer-brewery-fiddler-s-black/5148714,11.7,35,4.07,541,12/06/22,"The antipode to our Fiddler's Green, we present you Fiddler's Black!Every sailor has his own hell with his mesmerising mermaid. This is ours.Thick as hell, this luxurious imperial stout is conditioned on coffee and vanilla. Wonderfull nutty espresso taste with delicate layer of vanilla. Along with dark chocolate notes and liqueurish taste, it is a dark beauty!As a dessert beer, it's going well with chocolate cakes, dark cookies, tiramissu and other sweetish stuff.Suitable for aging. ",croatia,0,0,1,0,0,1,0,0,0,0,0,0,0,0,0,0,0,0,0,0,0,0,0,0,0,0,0,0,0,0,0,0,0,0,0,1,0,0
43,5171723,Pulfer Brewery,Hound Cake: Cheesecake,Sour - Smoothie / Pastry,https://untappd.com/b/pulfer-brewery-hound-cake-cheesecake/5171723,6.0,8,4.06,901,12/22/22,"Collaboration with White Dog brewery!In our new fruited pastry sour series 'Hound Cake' we  combined a new crazy pastry stuff - cheesecake.We wanted to create real cake and pie feeling in this smoothie sour.Imagine forrest fruits with cheesecake and vanilla icecream taste. Take a sip, enjoy and thank us later.GENTLY ROTATE A CAN FEW TIME BEFORE OPEN FOR BEST EXPERIENCE.Contains real fruit. Drink fresh. Don't age. Keep in refigerator. This is why we brew! ",croatia,0,0,0,0,0,1,0,0,1,0,0,0,0,0,1,0,0,0,0,0,0,0,0,0,0,0,0,0,0,0,0,0,0,0,1,0,0,0
44,4648810,Pulfer Brewery,Smoothiesh: Rude-olph!,Sour - Smoothie / Pastry,https://untappd.com/b/pulfer-brewery-smoothiesh-rude-olph/4648810,5.5,5,4.06,808,12/21/21,"Mr. Penguin is rolling and we have to answer his question: ""What do you call Santa's most impolite reindeer?""So here it is - 'Rude-olph!' is our new smoothiesh sour turbo loaded with a crazy combo of pineapple and raspberry. Sweet and sour. We really managed to achieve a candy-like taste. It throws childhood memories when we used to eat soursweet 'shock' candies who were sour inside and sweet outside so you got mouth freezed while chewing...Thick, sour, sweet, delicius and every sip crave for more, awesome!This is why we brew!Contains unfermented fruit. Drink fresh. Don't age.Gently rotate a can few times before you open it for best experience. ",croatia,0,0,0,0,0,0,0,0,1,0,0,0,0,0,1,0,0,0,0,0,0,0,0,0,0,0,0,0,0,0,0,0,0,0,1,0,0,0
45,6123697,Pulfer Brewery,El Charro Negro,Stout - Imperial / Double,https://untappd.com/b/pulfer-brewery-el-charro-negro/6123697,10.8,50,4.05,584,01/10/25,"Another thick, oily, massive imperial stout, conditioned on coconut, caccao nibs, freshly roasted coffee and chili.Inspired by a mexican cake, it brings lot of chocolate and caramel flavours combined with coffee, coconut and with tingling feeling from chili at the end.. Awesome!Another collab beer with our friends from Netherlands - Bravoure Brouwerij ",croatia,0,0,1,0,0,0,1,0,0,0,0,0,0,0,0,0,0,0,0,0,0,0,0,0,0,0,0,0,0,0,0,0,0,0,0,1,0,0
46,6497901,Pulfer Brewery,Prince of Darkness,Stout - Imperial / Double,https://untappd.com/b/pulfer-brewery-prince-of-darkness/6497901,11.4,50,4.05,400,11/19/25,"We brewed this imperial stout as tribute to our beloved Ozzy. Thank you for all your music, enormous energy and  countless headbangs! Your voice, your lyrics will echo forever! We added bourbon barrel aged maple syrup from Vermont, and La Cabra's Tunsisa, an Ethiopian coffee beans with rich chocolate flavors and notes of brown sugar. Delicious!It's big stout, enriched with maple syrup and coffee flavors, full bodied, silky, smooth with sweetish finish. Black as our dark legend - Prince of Darkness!This is why we brew! ",croatia,0,0,1,0,0,0,0,0,0,1,0,0,0,1,0,0,0,0,0,0,0,0,0,0,0,0,0,0,0,0,0,0,0,0,0,1,0,0
47,4638189,Pulfer Brewery,Smoothiesh: What Do You Call Santa's Most Impolite Reindeer?,Sour - Smoothie / Pastry,https://untappd.com/b/pulfer-brewery-smoothiesh-what-do-you-call-santa-s-most-impolite-reindeer/4638189,5.5,4,4.04,675,12/14/21,"At the end of 2021 year we bring you two new smoothiesh pastry sours, both are crazy and must try.Of course we did a new dad's joke with smoothiesh labels, as first label always asks question and second label has an answer.""What do you call Santa's most impolite reindeer?"" is ultra mega loaded with banana, mango and pear. It is super thick, fluffy and just delicious.Contains unfermented fruit. Drink fresh. Don't age.Gently rotate a can few times before you open it for best experience.This is why we brew! ",croatia,0,0,0,0,1,0,0,0,1,0,0,0,0,0,1,0,0,0,0,0,0,0,0,0,0,0,0,0,0,0,0,0,0,0,1,0,0,0
48,2292198,Zmajska Pivovara,RIS Barrel Aged,Stout - Russian Imperial,https://untappd.com/b/zmajska-pivovara-ris-barrel-aged/2292198,10.1,85,4.04,311,09/15/17, ,croatia,0,0,0,0,0,0,0,0,0,0,0,0,0,0,0,0,0,0,0,0,0,0,0,0,0,0,0,0,0,0,0,0,0,0,0,1,0,0
49,6381871,Pulfer Brewery,I Scream: Freddy,Sour - Smoothie / Pastry,https://untappd.com/b/pulfer-brewery-i-scream-freddy/6381871,5.5,3,4.03,1159,08/18/25,"This crazy smoothie definitely took us the longest time from idea and first tests to realization. It turns out that incorporating ice cream into beer is not at all easy.Thanks to a long brainstorming session by our R&D team - this sounds serious - and finally the ideal ice cream we've been looking for a long time, we've arrived to our new smoothie series - 'I scream'.The first edition is the all-time classic Freddy Krueger from 'A Nightmare on Elm Street' which brings you a generous amount of sour cherry, and banana, with a whopping amount of chocolate/hazelnut ice cream.Contains real fruit. Don't age. Keep in a refrigerator. Drink fresh. For best experience, gently rotate the can few times.THIS IS WHY WE BREW! ",croatia,0,0,1,0,1,0,0,0,1,0,0,0,0,0,1,0,0,0,0,0,0,0,0,0,0,0,0,0,0,0,0,0,0,0,1,0,0,0
0,5826629,B*BOP FERMENTORY,ÜÜÜÜÜÜÜÜ,Sour - Smoothie / Pastry,https://untappd.com/b/b-bop-fermentory-uuuuuuuu/5826629,4.5,N/A,4.23,944,05/13/24,"Mango Popsicle Tart Smoothie Nu Sour.An ice cream inspired thick and juicy Smoothie Nu Sour Ale conditioned on a ton of Alphonso mangoes, ice cream cones, vanilla and a pinch of pakistani Halite salt.  ",hungary,0,0,0,0,0,1,0,0,0,0,0,0,0,0,0,0,0,0,0,0,0,0,0,0,0,0,0,0,0,0,0,0,0,0,1,0,0,0
1,6030210,HORIZONT Brewing,Night Shift Vintage 2024 - Imperial Pastry Stout Aged In Bourbon Barrels With Hazelnut & Caramel,Stout - Imperial / Double Pastry,https://untappd.com/b/horizont-brewing-night-shift-vintage-2024-imperial-pastry-stout-aged-in-bourbon-barrels-with-hazelnut-and-caramel/6030210,11.8,N/A,4.22,1413,10/22/24,"Pető Kristóf sörfőzőnk ötlete. Az alap Imperial Stout, aminek jellegzetes csokis ízjegyei mellé igazából bármilyen csoki-ihletésű dolog illik, most kapott egy jó nagy adag mogyorótöretet és karamellt. A sör maga Bourbon hordókban érlelődött, hogy az alap ízjegyek kapjanak egy kis whiskey-s, hordós tuningot. The base is an Imperial Stout, whose distinctive chocolate notes pair well with any chocolate-inspired addition, and now it’s been given a generous amount of crushed hazelnuts and caramel. The beer itself was aged in Bourbon barrels to give the base flavors a touch of whiskey and barrel-aged finesse. ",hungary,0,0,1,0,0,0,1,0,0,1,0,0,0,1,0,0,0,0,1,0,0,0,0,0,0,0,0,0,0,0,0,0,0,0,0,1,0,0
2,3729199,Brew Your Mind,Big Lies,IPA - Triple,https://untappd.com/b/brew-your-mind-big-lies/3729199,9.5,N/A,4.22,2771,03/22/20,"Triple IPA monster, based on our Bright Lies IPA. ",hungary,0,0,0,0,0,0,0,0,0,0,0,0,0,0,0,0,0,0,0,0,0,0,0,0,0,0,0,1,0,0,0,0,0,0,0,0,0,0
3,4534884,HORIZONT Brewing,Night Shift Vintage 2021 Russian Imperial Stout Aged In Bourbon Barrels With Chocolate And Coffee,Stout - Imperial / Double Coffee,https://untappd.com/b/horizont-brewing-night-shift-vintage-2021-russian-imperial-stout-aged-in-bourbon-barrels-with-chocolate-and-coffee/4534884,12.5,N/A,4.2,1080,10/05/21,Russian Imperial Stout aged in Bourbon Barrels with Chocolate and Coffee added to the beer to give it a more round and delightful taste. ,hungary,0,0,0,0,0,0,0,0,0,0,0,0,0,0,0,0,0,0,0,0,0,0,0,0,0,0,0,0,0,0,0,0,0,0,0,1,0,0
4,6155091,Brew Your Mind,Eternal Dreams,IPA - Triple New England / Hazy,https://untappd.com/b/brew-your-mind-eternal-dreams/6155091,10.0,N/A,4.2,987,02/10/25,Hazy Tripla IPA Citra és Riwaka komlóval. Keep Dreaming sörünk legerősebb változata. ,hungary,0,1,0,0,0,0,0,0,0,0,0,0,0,0,0,0,0,0,0,0,0,0,0,0,0,0,0,1,0,0,0,0,0,0,0,0,0,0
5,4534878,HORIZONT Brewing,Night Shift Vintage 2021 Russian Imperial Stout Aged In Tennessee Whiskey & Bourbon Barrels,Stout - Russian Imperial,https://untappd.com/b/horizont-brewing-night-shift-vintage-2021-russian-imperial-stout-aged-in-tennessee-whiskey-and-bourbon-barrels/4534878,13.0,N/A,4.18,1328,10/05/21,Russian Imperial Stout aged in different whiskey barrels for the perfect balance and harmony in the taste. ,hungary,0,0,0,0,0,0,0,0,0,1,0,0,0,1,0,0,0,0,0,0,0,0,0,0,0,0,0,0,0,0,0,0,0,0,0,1,0,0
6,4742835,Brew Your Mind,Still Dreaming,IPA - Imperial / Double New England / Hazy,https://untappd.com/b/brew-your-mind-still-dreaming/4742835,8.2,N/A,4.18,1740,03/06/22,Hazy DIPA Citra és Riwaka komlóval. A Keep Dreaming erősebb változata. ,hungary,0,1,0,0,0,0,0,0,0,0,0,0,0,0,0,0,0,0,0,0,0,0,0,0,0,0,0,1,0,0,0,0,0,0,0,0,0,0
7,6122703,B*BOP FERMENTORY,MUMIA,Sour - Smoothie / Pastry,https://untappd.com/b/b-bop-fermentory-mumia/6122703,4.3,N/A,4.17,1729,01/09/25,"Pineapple Mango Maracuja Smoothie Nu Sour.A delicate and thick Smoothie Nu Sour infused with Egyptian pineapples, Alphonso mangoes, Ecuadorian passionfruits and a pinch of pakistani Halite salt. No Crumbs Left — All Sauce  ",hungary,0,0,0,0,0,0,0,0,1,0,1,0,0,0,0,0,0,0,0,0,0,0,0,0,0,0,0,0,0,0,0,0,0,0,1,0,0,0
8,4068063,HORIZONT Brewing,Night Shift Vintage 2020 Russian Imperial Stout Aged In Bourbon Barrels With Chocolate & Coffee,Stout - Imperial / Double Coffee,https://untappd.com/b/horizont-brewing-night-shift-vintage-2020-russian-imperial-stout-aged-in-bourbon-barrels-with-chocolate-and-coffee/4068063,12.0,N/A,4.16,1282,11/24/20,"This beer is a 12% ABV Russian Imperial Stout, that was brewed with 12 types of malts, 6 hours of boil time, and 3 months of fermenting to prepare it for a long journey in two types of freshly emptied Bourbon barrels. The finished beer was soaked on freshly roasted Ethiopean Coffee beans and cocoa beans from Ghana. The result is a beer rich in notes of coffee, chocolate, vanilla and bourbon which we gladly recommend for every beer lover. ",hungary,1,0,1,0,0,1,0,0,0,1,0,0,0,1,0,0,1,0,0,0,0,0,0,0,0,0,0,0,0,0,0,0,0,0,0,1,0,0
9,4381221,Brew Your Mind,Moment In Time 2021 Vanilla,Stout - Imperial / Double,https://untappd.com/b/brew-your-mind-moment-in-time-2021-vanilla/4381221,11.0,N/A,4.16,661,06/26/21,"2019. decemberében főztük, majd 2020 január elejétől 2021 május végéig grain whisky hordóban érleltük. Végül palackozás előtt kapott egy kis organikus mexikói vaníliát. Olajosan sűrű, édes, komplex sörital. ",hungary,0,0,0,0,0,0,0,0,0,0,0,0,0,1,0,0,0,0,0,0,0,0,0,0,0,0,0,0,0,0,0,0,0,0,0,1,0,0
10,5056111,HORIZONT Brewing,Night Shift Vintage 2022 Double Baltic Porter Aged In Rhum Barrels,Porter - Imperial / Double Baltic,https://untappd.com/b/horizont-brewing-night-shift-vintage-2022-double-baltic-porter-aged-in-rhum-barrels/5056111,14.4,N/A,4.16,1310,10/07/22,"In 2021, Horizont brewed its first Double Baltic Porter and from the first time we sampled it, we knew it had huge potential and needed to explored more thoroughly as a style. For this 2022 vintage, we chose Rhum Agricole barrels from Saint-Martin Island in the Caribbean so the recipe had to be changed to fit the essence of the barrel. The base beer is a pleasantly chocolatey, nutty, full-bodied, and sweet dark brown/black lager. Yes, it's a lager, as bottom-fermented yeast is traditionally used for this style, and due to the neutral fermentation, this type allows the malty, hoppy, and barrel notes to prevail. Enjoy this spectacular beer!Amikor 2021-ben lefőztük és kóstoltuk az első Double Baltic Porterünket, tudtuk, hogy ebben a stílusban hatalmas potenciál van. A 2022-es vintage tételt már más típusú, Rhum Agricole érlelésére felhasznált hordókba tettük. Ehhez egy kicsit módosítanunk kellett a maláta profilon a 2021-es verzióhoz képest. Az alap egy kellemesen csokis, mogyorós, testes és édeskés sötétbarna/fekete lager. Igen, lager, mivel hagyományosan alsóerjesztésű élesztőt használnak ehhez a stílushoz, illetve az ízsemleges erjedés miatt ez a típus hagyja jobban érvényesülni a malátás, komlós és hordós jegyeket. ",hungary,1,1,1,0,0,0,0,1,0,0,0,0,0,1,0,0,0,1,1,0,0,0,0,0,0,0,0,0,0,0,0,0,1,0,0,0,0,0
11,5919340,Mad Scientist,Glorious Mess,Sour - Smoothie / Pastry,https://untappd.com/b/mad-scientist-glorious-mess/5919340,5.7,N/A,4.16,1021,07/24/24,"Ice Cream Smoothie Sour with Mango, Pineapple, Apricot collab with our main crispy boys HOP HOOLIGANS (ROM) following our Bucharest collab BEAUTIFUL MESS ",hungary,0,0,0,0,0,0,0,0,0,0,0,0,0,0,0,0,0,0,0,0,0,0,0,0,0,0,0,0,0,0,0,0,0,0,1,0,0,0
12,5626567,HORIZONT Brewing,Night Shift Vintage 2023 - Vanilla & Cinnamon Bundt Cake Pastry Stout Aged In Tennessee Whiskey Barrels,Stout - Imperial / Double Pastry,https://untappd.com/b/horizont-brewing-night-shift-vintage-2023-vanilla-and-cinnamon-bundt-cake-pastry-stout-aged-in-tennessee-whiskey-barrels/5626567,11.0,N/A,4.16,1026,12/01/23,"Fahéjjal és vaníliával fűszerezett Pastry Stout, amelynek alapötlete a kuglóf volt. Az alapsör HBC 472 komlóval készült, amely segített elmélyíteni a hordós érlelés során átvett Tennessee whiskey hordók fás, hihetetlenül vaníliás ízjegyeit. A tökéletes ízvilágát a hozzáadott fahéjjal érte el ez a testes, zamatos sörkülönlegesség. This bottle hides an Imperial Pastry Stout made with cinnamon and vanilla, based on the idea of true love and a bundt cake.The base beer is made with American experimental hops called HBC 472, which helps to deepen the woody, vanilla flavors of the Tennessee whiskey barrels used during barrel maturation. In order to achieve the perfect taste, we added cinnamon to the beer's mouthfeel to achieve this gourmet beer specialty. ",hungary,0,1,0,0,0,1,0,0,0,1,0,0,0,1,0,0,0,0,0,0,0,0,0,0,0,0,0,0,0,0,0,0,0,0,0,1,0,0
13,4534892,HORIZONT Brewing,Night Shift Vintage 2021 Barleywine Aged In Rhum Barrels With Tonka Beans,Barleywine - English,https://untappd.com/b/horizont-brewing-night-shift-vintage-2021-barleywine-aged-in-rhum-barrels-with-tonka-beans/4534892,13.0,N/A,4.15,1308,10/05/21,Barleywine aged in rhum barrels with a little twist coming from the tonka beans. ,hungary,0,0,0,0,0,0,0,0,0,0,1,0,0,1,0,0,0,0,0,0,1,0,0,0,0,0,0,0,0,0,0,0,0,0,0,0,0,0
14,5056103,HORIZONT Brewing,Night Shift Vintage 2022 Russian Imperial Stout Aged In Bourbon Barrels with Chocolate & Coffee,Stout - Imperial / Double Coffee,https://untappd.com/b/horizont-brewing-night-shift-vintage-2022-russian-imperial-stout-aged-in-bourbon-barrels-with-chocolate-and-coffee/5056103,13.6,N/A,4.15,2200,10/07/22,"In 2020, when we tasted the first version of this beer, we felt a sense of pride like never before. This feeling has persisted every year since then. Our base beer is a midnight black, full-bodied Russian imperial stout, which we then matured on freshly roasted Ethiopian variant of a Budapest specialty coffee roaster and Ghanaian cocoa beans. All this was poured into freshly emptied bourbon barrels and aged for nearly a year to reach its most beautiful form. Enjoy this splendid beer!2020-ban amikor megkóstoltuk ennek a sörnek az első verzióját, akkor olyan büszkeség fogott el bennünket, mint előtte még soha. Ezt az érzést azóta is minden évben érezzük. Az alapsörünk egy éjfekete, testes russian imperial stout, amit egy budapesti specialty kávépörkölő frissen pörkölt etiópiai variánsán és ghánai kakaóbabon érleltünk utána. Mindezt frissen ürített bourbon hordókba fejtettük és érleltük közel egy évig, hogy elérje a legszebb formáját. ",hungary,0,0,0,0,0,0,0,0,0,1,0,0,0,1,0,0,1,0,0,0,0,0,0,0,0,0,0,0,0,0,0,0,0,0,0,1,0,0
15,4534894,HORIZONT Brewing,Night Shift Vintage 2021 Double Baltic Porter Aged In Bourbon Barrels,Porter - Imperial / Double Baltic,https://untappd.com/b/horizont-brewing-night-shift-vintage-2021-double-baltic-porter-aged-in-bourbon-barrels/4534894,14.0,N/A,4.15,1491,10/05/21,Double Mashed Baltic Porter aged in Bourbon Barrels. ,hungary,0,0,0,0,0,0,0,0,0,0,0,0,0,0,0,0,0,0,0,0,0,0,0,0,0,0,0,0,0,0,0,0,1,0,0,0,0,0
16,5056112,HORIZONT Brewing,Night Shift Vintage 2022 Wheat Wine Aged In Bourbon & Rum Barrels,Wheat Beer - Wheat Wine,https://untappd.com/b/horizont-brewing-night-shift-vintage-2022-wheat-wine-aged-in-bourbon-and-rum-barrels/5056112,15.1,N/A,4.15,1296,10/07/22,"For years we have considered blending our Wheat Wine Whiskey barrel aged beer with the Wheat Wine Rhum version. 2022 is the year it comes to fruition by blending these two great beers with a mixed barrel Wheat Wine. Our brewmaster, along with the team worked diligently to blend the proper proportions of each to create this unique brew. The whiskey barrel comes from a small American distillery while the Rhum Agricole barrel came from Saint Martin Island in the Caribbean. The third barrel started its journey in Tennessee filled with whiskey then traveled to Jamaica to be filled with Rum before making its way to Hungary to be filled with a portion of the beer you have in your hand. Enjoy this astonishing beer! Régóta szerettük volna blendelni a rumos és a bourbon hordókban érlelt búzaborunkat. 2022-ben valóra is váltottuk, méghozzá egy érdekes, tripla blend formájában. Kitartóan dolgoztunk az arányok eltalálásán, hogy létrehozzuk ezt az egyedi tételt. Az egyik, whiskey-s hordóban, amit ehhez a sörhöz választottunk, egy kis amerikai lepárló bourbon-je volt előzőleg. A rumoshordók a karibi-térségi Szent Martin szigetről származnak, ahol előzőleg Rhum Agricole voltak bennük. A harmadik hordóban először Tennessee Whiskey volt, majd áthajózott Jamaicába és ott egy zseniális rumot töltöttek bele, ezután mikor kiürült, nálunk landolt, hogy megtölthessük azzal a sörrel, amit a kezedben tartasz. ",hungary,0,0,0,0,0,0,0,0,1,1,1,0,0,1,0,0,0,0,0,0,0,0,0,0,0,0,0,0,0,0,0,0,0,1,0,0,0,0
17,4017430,HORIZONT Brewing,Night Shift Vintage 2020 Russian Imperial Stout Aged in Bourbon Barrels,Stout - Russian Imperial,https://untappd.com/b/horizont-brewing-night-shift-vintage-2020-russian-imperial-stout-aged-in-bourbon-barrels/4017430,12.0,N/A,4.15,1387,10/21/20,"This beer was brewed with 12 types of malts, 6 hours of boil time,and 3 months of fermenting to prepare it for a long journeyin freshly emptied Tennessee Whiskey Barrels. Thesebarrels give this thick, dark, black beer rich notes of vanillaand bourbon, resulting in a complex flavour combinationwhich we gladly recommend for every beer lover. ",hungary,1,0,0,0,0,1,0,0,0,1,0,0,0,1,0,0,0,0,0,0,0,0,0,0,0,0,0,0,0,0,0,0,0,0,0,1,0,0
18,3464237,Mad Scientist,Blackcurrant Trifle,Sour - Smoothie / Pastry,https://untappd.com/b/mad-scientist-blackcurrant-trifle/3464237,10.0,N/A,4.15,2759,10/04/19,"Collabfest 2019 Imperial Pastry Gose 8,2% brewed in collaboration with BrewDog Budapest and Mad ScientistThe 2nd batch, brewed by the request of BrewDog UK for Collabfest 2020 has the abv of 10% ",hungary,0,0,0,0,0,0,0,0,0,0,0,0,0,0,0,0,0,0,0,0,0,0,0,0,0,0,0,0,0,0,0,0,0,0,1,0,0,0
19,6010349,HORIZONT Brewing,Night Shift Vintage 2024 - Russian Imperial Stout Aged in Bourbon Barrels with Chocolate & Coffee,Stout - Russian Imperial,https://untappd.com/b/horizont-brewing-night-shift-vintage-2024-russian-imperial-stout-aged-in-bourbon-barrels-with-chocolate-and-coffee/6010349,11.2,N/A,4.14,1095,10/05/24,"A büszkeségünk 2020 óta, ez a Russian Imperial Stout etióp kávéval és ghánai kakaóval készül, 2 évig bourbon hordókban érlelve.Our pride since 2020, this Russian Imperial Stout is brewed with Ethiopian coffee and Ghanaian cocoa beans, aged 2 years in bourbon barrels. ",hungary,0,0,0,0,0,0,0,0,0,1,0,0,0,1,0,0,1,0,0,0,0,0,0,0,0,0,0,0,0,0,0,0,0,0,0,1,0,0
20,3618027,Brew Your Mind,No Memories,IPA - Imperial / Double,https://untappd.com/b/brew-your-mind-no-memories/3618027,8.7,N/A,4.13,2268,01/08/20,The stronger version of our Only Memories IPA.  ,hungary,0,0,0,0,0,0,0,0,0,0,0,0,0,0,0,0,0,0,0,0,0,0,0,0,0,0,0,1,0,0,0,0,0,0,0,0,0,0
21,4895488,Brew Your Mind,Moment In Time 2022 Mexican Vanilla,Stout - Imperial / Double,https://untappd.com/b/brew-your-mind-moment-in-time-2022-mexican-vanilla/4895488,12.6,N/A,4.13,502,06/19/22,"11 hónapig ír grain whisky hordókban érleltük, majd palackozás előtt került bele egy kis organikus mexikói vanília. Olajosan sűrű, csokoládés ízvilágú, komplex sörital. ",hungary,0,0,1,0,0,1,0,0,0,0,0,0,0,1,0,0,0,0,1,0,0,0,0,0,0,0,0,0,0,0,0,0,0,0,0,1,0,0
22,5043675,Mad Scientist,Nasty Riff,Stout - Imperial / Double,https://untappd.com/b/mad-scientist-nasty-riff/5043675,14.0,N/A,4.12,1899,09/29/22,Mexican Cake Inspired Imperial Stout collab with Adroit Theory (USA) ,hungary,0,0,0,0,0,0,0,0,0,0,0,0,0,0,0,0,0,0,0,0,0,0,0,0,0,0,0,0,0,0,0,0,0,0,0,1,0,0
23,5273537,Brew Your Mind,Green Echo,IPA - Imperial / Double,https://untappd.com/b/brew-your-mind-green-echo/5273537,8.0,N/A,4.12,1500,03/14/23,motueka & citra dipa ,hungary,0,0,0,0,0,0,0,0,0,0,0,0,0,0,0,0,0,0,0,0,0,0,0,0,0,0,0,1,0,0,0,0,0,0,0,0,0,0
24,5056101,HORIZONT Brewing,Night Shift Vintage 2022 Russian Imperial Stout Aged In Tennessee Whiskey Barrels,Stout - Russian Imperial,https://untappd.com/b/horizont-brewing-night-shift-vintage-2022-russian-imperial-stout-aged-in-tennessee-whiskey-barrels/5056101,13.0,N/A,4.12,1765,10/07/22,"The Original Night Shift beer has returned to its founding! In 2016 when this beer was first brewed, it started the journey of the Night Shift line of beers. The 2022 version returns to the beginning, when it was matured only, and exclusively, in Tennessee Whiskey barrels. No spices, just the barrel, malt and hops. Every year we polish the recipe to make it more perfect and even silkier. Enjoy this classic beer!Ezzel a tétellel visszatértünk az eredeti Night Shift gyökereihez. Amikor 2016-ban lefőztük ennek a sörnek az első verzióját, nem is sejtettük, hogy hová vezet az útja. 2018-ban elkészült az első hordóérlelt változata, megkezdve a hosszú utazást, aminek most egy állomásához érkeztünk. Azóta is töretlen népszerűségnek örvend, és minden évben csiszolunk rajta egy kicsit, hogy még tökéletesebb és még selymesebb legyen. A 2022-es verzió visszatér a kezdetekhez, amikor csak és kizárólag Tennessee Whiskey hordóban érleltük. Semmi fűszer, csak a hordó, maláta és a komló, egy igazi klasszikus. ",hungary,1,1,0,0,0,0,0,0,0,0,0,0,0,1,0,0,0,1,0,0,0,0,0,0,0,0,0,0,0,0,0,0,0,0,0,1,0,0
25,5625799,HORIZONT Brewing,Night Shift Vintage 2023 - Rye Wine Aged In Bourbon Barrels - Aged 2 Years,Rye Wine,https://untappd.com/b/horizont-brewing-night-shift-vintage-2023-rye-wine-aged-in-bourbon-barrels-aged-2-years/5625799,10.2,N/A,4.12,892,11/30/23,"Ez a zamatos és egyedi ízélményt nyújtó, karamellizált rozsmalátával, valamint rozspehellyel készült rozsbor egy hihetetlenül krémes, gyümölcsös ízvilágú sör. Az alap rozsbort két évig érleltük Bourbon hordókban, az ez idő alatt átvett fás-viszkis ízjegyek komplex és kivételes ízvilágot adtak ennek az egészen különleges sörnek. With this Rye wine, we ventured further into the realm of the grain wine. From the point of view of brewing, we made the base beer with rye, an undeservedly underrated brewing grain, which was aged in bourbon barrels for nearly two years. Of course, we didn't just use plain, basic rye malt, since with this excellent beer we aim to show the diversity of this grain, so we also used two types of caramelized rye malt and rye flakes to create this unique beer. ",hungary,1,0,0,0,0,0,1,0,1,1,0,0,0,1,1,0,0,0,0,0,0,0,0,0,0,0,0,0,0,0,0,0,0,0,0,0,0,1
26,6082605,Brew Your Mind,Moment In Time 2024: Calvados & Apple Brandy Barrel,Stout - Imperial / Double,https://untappd.com/b/brew-your-mind-moment-in-time-2024-calvados-and-apple-brandy-barrel/6082605,13.5,N/A,4.11,532,12/04/24,"A 50-50 Calvados and Apple Brandy barrel aged imperial stout blended into a single experience. Very moderate carbonation, smooth oily body and rich chocolate aromas, the stout is complemented by a mild, refreshing acidity imparted by the Brandy barrels. ",hungary,0,0,1,0,0,0,0,0,0,0,0,0,0,1,0,0,0,0,0,0,0,0,0,0,0,0,0,0,0,0,0,0,0,0,0,1,0,0
27,5687612,Brew Your Mind,Steep Dreaming,IPA - New England / Hazy,https://untappd.com/b/brew-your-mind-steep-dreaming/5687612,7.0,N/A,4.11,1261,01/21/24,Hazy IPA Citra és Riwaka komlóval. A Keep Dreaming sörünk dupla ipa szinten komlózott változata. ,hungary,0,1,0,0,0,0,0,0,0,0,0,0,0,0,0,0,0,0,0,0,0,0,0,0,0,0,0,1,0,0,0,0,0,0,0,0,0,0
28,5970051,Brew Your Mind,Everyday Lies,IPA - Imperial / Double New England / Hazy,https://untappd.com/b/brew-your-mind-everyday-lies/5970051,8.0,N/A,4.09,749,09/03/24,"Halfway between Bright Lies and Big Lies, there is Everyday Lies IPA. Hopped with Mosaic and Citra the same amount as Big Lies. ",hungary,0,0,0,0,0,0,0,0,0,0,0,0,0,0,0,0,0,0,0,0,0,0,0,0,0,0,0,1,0,0,0,0,0,0,0,0,0,0
29,2074074,Brew Your Mind,Evermind,IPA - Imperial / Double New England / Hazy,https://untappd.com/b/brew-your-mind-evermind/2074074,8.2,N/A,4.09,3950,05/03/17,Our New England inspired double IPA ,hungary,0,0,0,0,0,0,0,0,0,0,0,0,0,0,0,0,0,0,0,0,0,0,0,0,0,0,0,1,0,0,0,0,0,0,0,0,0,0
30,2521955,Brew Your Mind,Money Cannon,IPA - Imperial / Double,https://untappd.com/b/brew-your-mind-money-cannon/2521955,8.3,N/A,4.09,1930,02/20/18,"This double New England insired IPA is a collaboration with our good friend armando_otchoa. This one comes with a blast of tropical fruit flavors and a velvety mouthfeel. Made with 30g/L australian and american hops. Amarillo, Galaxy, Citra ",hungary,0,1,0,0,0,0,0,0,1,0,0,0,0,0,0,0,0,0,0,0,0,0,0,0,0,0,0,1,0,0,0,0,0,0,0,0,0,0
31,5056107,HORIZONT Brewing,Night Shift Vintage 2022 Imperial Pecan Pie Stout Aged In Tennessee Whiskey Barrels,Stout - Imperial / Double Pastry,https://untappd.com/b/horizont-brewing-night-shift-vintage-2022-imperial-pecan-pie-stout-aged-in-tennessee-whiskey-barrels/5056107,13.6,N/A,4.09,1200,10/07/22,"A Horizont Night Shift tételei között minden évben megtalálható egy pastry stout. A 2022-es év „sütis” Night Shiftjéhez egy klasszikus amerikai süteményt, a pekándiós pitét vettük alapul. A pekándiós pite története az 1880-as évekig tekint vissza, és kimondottan kedvelt az USA deli államaiban, ahol a bourbon whiskey-t készítik, így természetesnek vettük, hogy hordóérleléshez egy Tennessee whiskey-s hordót válasszunk. Mivel a lepárló, ahonnan érkezett, karakteresebb, számottevően vaníliásabb esszenciájú hordókat használ, így ez fantasztikusan áll az alapsörnek, illetve a teljes koncepciónak is. Az alapsör egy sűrű, testes imperial stout, amibe rengeteg házilag pörkölt pekándiót tettünk, így kinyerve belőle az ízeket.ENEach year in the Horizont Night Shift line, we present to you a new pastry stout. The 2022 version is an expression of an American classic dessert, the pecan pie. The Pecan pie dates back to the 1880’s and is very popular in the Southern States where bourbon whiskey is made, so it was a natural fit to age this beer in Tennessee whiskey barrels. The distillery from which the barrels came emphasizes considerably more vanilla essence which is perfect for this brew. The base beer is an Imperial Stout which is a thick, full-bodied beer which was put into the barrels then we added copious amounts of home-roasted pecans, thus extracting the flavors from it. Enjoy this special beer! ",hungary,0,0,0,0,0,1,0,0,0,1,0,0,0,1,0,0,0,0,0,0,0,0,0,0,0,0,0,0,0,0,0,0,0,0,0,1,0,0
32,5571019,HORIZONT Brewing,Night Shift Vintage 2023 - Russian Imperial Stout Aged In Bourbon Barrels With Chocolate & Coffee,Stout - Imperial / Double Coffee,https://untappd.com/b/horizont-brewing-night-shift-vintage-2023-russian-imperial-stout-aged-in-bourbon-barrels-with-chocolate-and-coffee/5571019,11.5,N/A,4.08,884,10/19/23,"Minden évben meglep ennek a már kötelezővé vált tételnek a sokszínűsége. Az alapsör pörkölt malátás jegyei és a Bourbon hordók klasszikus, utánozhatatlan ízvilága már alapból egy egészen különleges, minden évben egyre harmonikusabb ízvilágot alkotnak az egy éves érlelés során, de az igazi varázslat a kakaó- és kávébab megszokott ízjegyeinek átvételekor történik. This beer surprises us each year, since the harmony between the base beer and the barrels turns out to be something magical. Add the classical taste of cocoa and coffee beans, and the perfect barrel aged beer is suddenly in front of you.    ",hungary,0,0,0,0,0,0,0,0,0,0,0,0,0,1,0,0,1,0,1,0,0,0,0,0,0,0,0,0,0,0,0,0,0,0,0,1,0,0
33,5201288,Brew Your Mind,Human Experiment THIRTY TWO,IPA - Imperial / Double,https://untappd.com/b/brew-your-mind-human-experiment-thirty-two/5201288,8.5,N/A,4.08,323,01/16/23,"Kísérletező sorozatunk legújabb tagja, egy dupla IPA 3 féle komlóval (citra, motueka, nelson sauvin) extrémen komlózva. ",hungary,0,1,0,0,0,0,0,0,0,0,0,0,0,0,0,0,0,0,0,0,0,0,0,0,0,0,0,1,0,0,0,0,0,0,0,0,0,0
34,5832490,Mad Scientist,Somlói Galuska 2024,Stout - Imperial / Double,https://untappd.com/b/mad-scientist-somloi-galuska-2024/5832490,11.0,N/A,4.08,640,05/18/24,"Our most ambitious collab ever including our amazing friends:Mixen of Culture Drops from DenmarkMárk of Moersleutel from the NetherlandsBoti of B*Bop Fermentory from HungaryMAD SCIENTIST BARREL PROJECTRum Barrel-Aged Pastry Imperial Stout With Walnut, Pecan, Cocoa Beans, Raisins And VanillaCELLAR MASTER NOTESTake time to do what makes your soul happyThe original Somlói Galuska was a real milestone for the Barrel Project when we made it back in 2019 with our dear friends at Moersleutel. It was the first barrel-aged pastry imperial stout for us as well as the first collab within the series and, you've been our witness, we learned so much from these guys. The second release Somlói Nodler already set the bar higher, but we are pretty sure that this third coming of the Somlói is 'the crème de la crème', a real blast of flavours and memories. Eat it and drink it, you sure deserve this treat! ",hungary,0,0,0,0,0,0,0,0,0,0,0,0,0,1,0,0,0,0,0,0,0,0,0,0,0,0,0,0,0,0,0,0,0,0,0,1,0,0
35,5448268,Brew Your Mind,Human Experiment THIRTY SEVEN,IPA - Imperial / Double New England / Hazy,https://untappd.com/b/brew-your-mind-human-experiment-thirty-seven/5448268,7.5,N/A,4.08,436,07/17/23,"Kísérleti sorozatunk legújabb tagja. A sör mindenben megegyezik az előző azaz 36-os Human Experimenttel, csak az élesztő egy általunk még korábban nem használt fajta. Nem is tudjuk eldönteni melyik tetszik jobban. Szerintetek melyik jobb?A Human Experiment sorozat új címkéin számunkra kedves alkotásokat mutatunk be. ",hungary,0,0,0,0,0,0,0,1,0,0,0,0,0,0,0,0,0,0,1,0,0,0,0,0,0,0,0,1,0,0,0,0,0,0,0,0,0,0
36,4017501,HORIZONT Brewing,Night Shift Vintage 2020 Wheat Wine Aged in Bourbon Barrels,Wheat Beer - Wheat Wine,https://untappd.com/b/horizont-brewing-night-shift-vintage-2020-wheat-wine-aged-in-bourbon-barrels/4017501,13.0,N/A,4.08,819,10/21/20,"It's a 13% ABV Wheat Wine, that wasbrewed with 4 types of malts, 8 hours of boil time, and3 months of fermenting to prepare it for a long journeyin freshly emptied Tennessee Whiskey Barrels.This wheat malt based, high alcohol beer contains copiousamounts of noble German hops, and was aged for12 months in oak barrels. The result is a silky, creamy wheatwine, with incredible complexity. ",hungary,1,1,0,1,0,0,0,0,0,0,0,1,0,1,0,0,0,0,0,0,0,0,0,0,0,0,0,0,0,0,0,0,0,1,0,0,0,0
37,5632011,HORIZONT Brewing,"Night Shift Vintage 2023 - Mexicake-Inspired Imperial Stout Aged In Rum, Rhum & Bourbon Barrels",Stout - Russian Imperial,https://untappd.com/b/horizont-brewing-night-shift-vintage-2023-mexicake-inspired-imperial-stout-aged-in-rum-rhum-and-bourbon-barrels/5632011,10.4,N/A,4.07,756,12/05/23,"Chilis, fahéjas Imperial Stout, triple-blended, azaz három különféle (Rum, Rhum és Bourbon) hordóban érlelt, majd gondosan meghatározott arányban vegyített tétel. A varázslatos alapsör egyéves érlelési időszakának végére kiemelkedő hordós ízjegyeket kapott, melyek mellett kiválóan jön a chili és a fahéj mámorítóan harmonikus, ámde visszafogott kombinációja.This full-bodied beer specialty with cinnamon, chili, and chocolate, is based on a true classic, the Mexicake. The base beer was aged in three different types of barrels (Bourbon, Rhum, Rum). The barrels used were various rum and rhum barrels from the Caribbean Islands, as well as bourbon barrels from the USA. ",hungary,0,0,1,0,0,0,0,0,0,1,1,0,0,1,0,0,0,0,0,0,0,0,0,0,0,0,0,0,0,0,0,0,0,0,0,1,0,0
38,6088760,Brew Your Mind,Moment In Time 2024: Maple Syrup,Stout - Imperial / Double,https://untappd.com/b/brew-your-mind-moment-in-time-2024-maple-syrup/6088760,13.5,N/A,4.07,305,12/09/24,"Moment In Time sorozatunk tagjai hordóérlelt, stout típusú komplex fekete söritalok, melyek a maláták összhangjára épülnek.15 éves, 200 literes amerikai – korábban kanadai juharszirupot tartalmazó – tölgyfahordóban 13 hónapig érlelt stout típusú fekete sör.Összesen 320 palack készült. ",hungary,0,0,0,0,0,0,0,0,0,0,0,0,0,1,0,0,0,0,0,0,0,0,0,0,0,0,0,0,0,0,0,0,0,0,0,1,0,0
39,5273250,Mad Scientist,Roasters Paradise Kianderi - Kenya,Stout - Imperial / Double Coffee,https://untappd.com/b/mad-scientist-roasters-paradise-kianderi-kenya/5273250,13.0,N/A,4.07,1469,03/14/23,collab with CASINO MOCCA ,hungary,0,0,0,0,0,0,0,0,0,0,0,0,0,0,0,0,0,0,0,0,0,0,0,0,0,0,0,0,0,0,0,0,0,0,0,1,0,0
40,3883223,Mad Scientist,Happy Finish Pedro Ximenez,Stout - Imperial / Double,https://untappd.com/b/mad-scientist-happy-finish-pedro-ximenez/3883223,12.5,N/A,4.07,518,07/21/20,"MAD SCIENTIST BARREL PROJECTBlended Barrel Aged Imperial Stout and PorterCELLAR MASTER NOTESPedro Ximenez is one of the noblest grape varieties that sherry is made from. We had the ultimate luck to get one of these barrels this special spirit had been aged in so we didn't waste time and filled it immediately.The Cuban rum strikes back! After Happy Finish Tawny port, which in fact was the first part of this mini-series, we used this type of barrel again to mature the very same peanut imperial stout, but this time we mixed it with Pedro Ximenez BA imperial porter to add the unique characteristics of sherry to the game. Long story short: it's a Black Forest Cake-party in your mouth! Bitter chocolate, molasses, walnut and a huge amount of berries with an acidic aftertaste. Yummy! ",hungary,0,0,1,0,0,0,0,0,1,0,1,0,0,1,0,0,0,0,0,0,0,0,0,0,0,0,0,0,0,0,0,0,0,0,0,1,0,0
41,6022750,Unity Bar & Brewery,Raspberry X Mango X Passion Fruit Smoothie Sour,Sour - Smoothie / Pastry,https://untappd.com/b/unity-bar-and-brewery-raspberry-x-mango-x-passion-fruit-smoothie-sour/6022750,5.2,5,4.07,669,10/16/24,"A thick, pulpy smoothie sour with loads of raspberry, mango, and passion fruit purees. Just high quality fruit puree, no bullshit. We DO NOT play the fake gelato powder game!NO LACTOSE ",hungary,0,0,0,0,0,0,0,0,1,0,0,0,0,0,0,0,0,0,0,0,0,0,0,0,0,0,0,0,0,0,0,0,0,0,1,0,0,0
42,6604120,Brew Your Mind,Human Experiment SIXTY THREE,IPA - Imperial / Double New England / Hazy,https://untappd.com/b/brew-your-mind-human-experiment-sixty-three/6604120,8.5,N/A,4.07,360,02/16/26,"Kísérleti sorozatunk legújabb tagja egy intenzíven komlózott hazy DDH dupla IPA Rakau, Nelson Sauvin és Citra komlóval.A Human Experiment sorozat új címkéin számunkra kedves alkotásokat mutatunk be. ",hungary,0,1,0,0,0,0,0,0,0,0,0,0,0,0,0,0,0,0,1,0,0,0,0,0,0,0,0,1,0,0,0,0,0,0,0,0,0,0
43,5281209,Brew Your Mind,Human Experiment THIRTY THREE,IPA - Imperial / Double,https://untappd.com/b/brew-your-mind-human-experiment-thirty-three/5281209,8.6,N/A,4.06,383,03/19/23,hazy dipa with Nectaron (and citra) hops ,hungary,0,1,0,0,0,0,0,0,0,0,0,0,0,0,0,0,0,0,0,0,0,0,0,0,0,0,0,1,0,0,0,0,0,0,0,0,0,0
44,6082610,Brew Your Mind,Rising Fall,IPA - New England / Hazy,https://untappd.com/b/brew-your-mind-rising-fall/6082610,7.0,70,4.06,802,12/04/24,"Crafted with Peacharine hops a standout New Zealand variety that recently made its debut. We believe Peacharine has incredible potential, bringing a unique profile to this IPA. ",hungary,0,1,0,0,0,0,0,0,0,0,0,0,0,0,0,0,0,0,0,0,0,0,0,0,0,0,0,1,0,0,0,0,0,0,0,0,0,0
45,5615183,HORIZONT Brewing,Night Shift Vintage 2023 - Wheat Wine Aged In Bourbon Barrels - Aged 2 Years,Wheat Beer - Wheat Wine,https://untappd.com/b/horizont-brewing-night-shift-vintage-2023-wheat-wine-aged-in-bourbon-barrels-aged-2-years/5615183,12.1,N/A,4.06,749,11/22/23,"Ez a tétel KETTŐ ÉVET töltött Bourbon és Tennessee whiskey-s hordókban, majd érlelést követően blendeltük. A két éves érlelési idő alatt olyan mélyen átvette az alap búzabor a hordók jellegzetes, whiskey-s, fás ízjegyeit, hogy csak ámultunk, amikor megkóstoltuk a palackozott terméket. A zamatos ízvilág, az utánozhatatlan gabonás, malátás ízjegyek gyönyörű harmóniát alkotnak a hordós jegyekkel. ENOur basic wheat wine was matured in two types of whiskey barrels for two years, and then blended in the right proportions after maturation, in order to achieve the perfect taste experience.Having aged for two years, the base wheat wine got some super-special taste notes from the barrels, which created a harmonious and amazing taste. ",hungary,0,0,0,0,0,0,0,0,0,1,0,0,0,1,0,0,0,0,0,0,0,0,0,0,0,0,0,0,0,0,0,0,0,1,0,0,0,0
46,4331772,Brew Your Mind,Moment In Time 2021,Stout - Imperial / Double,https://untappd.com/b/brew-your-mind-moment-in-time-2021/4331772,11.0,N/A,4.06,478,05/27/21,"Imperial stout with lots of oatmalt and oat flakes aged 16 months in Irish grain whiskey barrels. 2019. decemberében főztük, majd 2020 január elejétől 2021 május végéig grain whisky hordóban érleltük. Olajosan sűrű, édes, komplex sörital ",hungary,1,0,0,0,0,0,0,0,0,1,0,0,0,1,0,0,0,0,0,0,0,0,0,0,0,0,0,0,0,0,0,0,0,0,0,1,0,0
47,5273252,Mad Scientist,Roasters Paradise Koke Shalaye - Etiópia,Stout - Imperial / Double Coffee,https://untappd.com/b/mad-scientist-roasters-paradise-koke-shalaye-etiopia/5273252,13.0,N/A,4.05,1612,03/14/23,collab with CASINO MOCCA ,hungary,0,0,0,0,0,0,0,0,0,0,0,0,0,0,0,0,0,0,0,0,0,0,0,0,0,0,0,0,0,0,0,0,0,0,0,1,0,0
48,4990782,Brew Your Mind,No Memememories,IPA - Imperial / Double,https://untappd.com/b/brew-your-mind-no-memememories/4990782,8.7,N/A,4.05,374,08/24/22,"No Memories DIPA sörünk új, komlósabb verziója. Igazi nagyágyú! Testes, selymes, itatja magát. ",hungary,0,1,0,0,0,0,0,0,0,0,0,0,0,0,0,0,0,0,1,0,0,0,0,0,0,0,0,1,0,0,0,0,0,0,0,0,0,0
49,6555907,Brew Your Mind,Double Fall,IPA - Imperial / Double New England / Hazy,https://untappd.com/b/brew-your-mind-double-fall/6555907,8.2,N/A,4.05,357,01/02/26,Rising Fall sörünk nagytestvére rengeteg Peacherine és Citra komlóval hidegkomlózva ,hungary,0,1,0,0,0,0,0,0,0,0,0,0,0,0,0,0,0,1,1,0,0,0,0,0,0,0,0,1,0,0,0,0,0,0,0,0,0,0
